Model,test_roc_auc,test_pr_auc
Logistic Regression,0.7067313856580273,0.29664465609977253
Decision Tree,0.632484659767378,0.23138634080374182
Random Forest,0.6883699158449593,0.27157883613246686
Gradient Boosting,0.6928259608633269,0.279004327093507
XGBoost,0.6844908467401369,0.27838368512859946
Naive Bayes,0.6756194604715532,0.2629002810089052
Perceptron (averaged),0.6912741297025572,0.29311285261391967
Single-Layer Perceptron,0.7049668773086668,0.2969651189555471
MLP,0.7089334595150146,0.29674459358994115
EBM (additive),0.7052721555698018,0.29554065367789417
Blend EBM+MLP (better model),0.7084368735435683,0.29713287659067283
