Model,threshold,TN,FP,FN,TP,defaulters caught (recall),good payers kept (specificity)
Logistic Regression,0.2207014355199122,596,1015,42,263,0.8622950819672132,0.36995654872749845
Decision Tree,0.15731325301204818,297,1314,28,277,0.9081967213114754,0.18435754189944134
Random Forest,0.23488173932793427,668,943,50,255,0.8360655737704918,0.41464928615766605
Gradient Boosting,0.26589541367326647,742,869,56,249,0.8163934426229508,0.4605834885164494
XGBoost,0.26169031573003504,817,794,78,227,0.7442622950819672,0.5071384233395406
SVC (linear),0.10045543042005645,491,1120,34,271,0.8885245901639345,0.3047796399751707
SVC (rbf),0.11813831649348888,495,1116,42,263,0.8622950819672132,0.30726256983240224
k-NN,0.13059444046639795,701,910,71,234,0.7672131147540984,0.4351334574798262
Naive Bayes,0.036331793006046956,638,973,51,254,0.8327868852459016,0.3960273122284296
Perceptron (averaged),0.24023375919790302,607,1004,42,263,0.8622950819672132,0.37678460583488516
Single-Layer Perceptron,0.22065305057254914,579,1032,41,264,0.8655737704918033,0.35940409683426444
MLP,0.21427316971322746,450,1161,27,278,0.9114754098360656,0.27932960893854747
EBM (additive),0.22106251846911606,573,1038,40,265,0.8688524590163934,0.35567970204841715
Stacking (5 bases),0.11479630317341477,605,1006,42,263,0.8622950819672132,0.3755431409062694
Blend EBM+MLP (better model),0.2072463530142568,448,1163,26,279,0.9147540983606557,0.2780881440099317
