feature,correlation_with_not.fully.paid
risk_score,0.18947798097117102
policy_inquiry_risk,0.17506141541061257
fico_int_rate_ratio,-0.16206817651689231
int.rate,0.159551582518155
credit.policy,-0.15811915031404775
fico,-0.14966630307483764
inq.last.6mths,0.14945194425507954
inq_per_credit_age,0.11113226414596417
util_fico_mismatch,0.08871551026848933
purpose_small_business,0.08445986378384601
revol.util,0.08208776761019998
installment_to_inc,0.07413704133845214
revol_bal_to_inc,0.056291955305715145
revol_stress,0.055985205016694635
revol.bal,0.0536993631352912
installment,0.049955162070596804
pub.rec,0.048634301352196686
purpose_credit_card,-0.04713600429132006
policy_fico_mismatch,0.04089505576863099
dti,0.03736152382778254
log.annual.inc,-0.03343937654192993
days.with.cr.line,-0.029236671800347624
purpose_major_purchase,-0.028579662055194025
purpose_educational,0.021609105032749192
purpose_debt_consolidation,-0.017542540026761647
delinq.2yrs,0.008881040947097912
purpose_home_improvement,0.007271886742720553
