feature,correlation_with_int.rate
fico,-0.7148207714193592
revol.util,0.46483727949435333
high_revol_util,0.32510533513236556
credit.policy,-0.29408908922610966
installment,0.27614017564338045
dti,0.2200056292579496
inq.last.6mths,0.2027802575976651
bad_history_flag,0.1896190264615539
installment_to_income,0.1765113721743989
delinq.2yrs,0.15607872998965971
purpose_small_business,0.15124716804961177
years_with_cr_line,-0.12402216495144386
purpose_debt_consolidation,0.12360691607776335
pub.rec,0.0981622078901075
revol.bal,0.09252705408737913
purpose_major_purchase,-0.06897780769823411
log.annual.inc,0.056382535599300114
purpose_home_improvement,-0.050697007854985134
purpose_credit_card,-0.042109209552912946
purpose_educational,-0.019618198038345146
