Model,iteration,val_logloss,val_pr_auc
Logistic Regression,1,0.6370903227922612,0.28357575186443645
Logistic Regression,2,0.6045960481550395,0.2876485025437756
Logistic Regression,3,0.5793059542953657,0.2903108190115178
Logistic Regression,4,0.5591326522997908,0.29364785742547395
Logistic Regression,5,0.5428936635941549,0.2965135020639462
Logistic Regression,6,0.5297107590531022,0.29815814343168034
Logistic Regression,7,0.5189183628792342,0.29959678192280126
Logistic Regression,8,0.5100108508345265,0.3012958696445126
Logistic Regression,9,0.5026023870802695,0.3005141431943363
Logistic Regression,10,0.49639656454264286,0.3010346628719623
Logistic Regression,11,0.4911638623845138,0.3014529836486402
Logistic Regression,12,0.48672503759365837,0.30220054542060903
Logistic Regression,13,0.4829388987031823,0.30330221515187616
Logistic Regression,14,0.47969327653809124,0.3040833432888248
Logistic Regression,15,0.47689831921800724,0.30407118795742527
Logistic Regression,16,0.4744814791786801,0.3043082396653148
Logistic Regression,17,0.47238373706988307,0.30491411730061674
Logistic Regression,18,0.4705567350592153,0.3051097582236016
Logistic Regression,19,0.4689605832792716,0.3053121075245107
Logistic Regression,20,0.4675621681498879,0.3056599410852833
Logistic Regression,21,0.4663338376835199,0.3054210236767061
Logistic Regression,22,0.4652523720952796,0.30568665036930287
Logistic Regression,23,0.46429817194780915,0.3061164880291823
Logistic Regression,24,0.4634546133752913,0.30606713611063796
Logistic Regression,25,0.46270753255129604,0.30609328395560104
Logistic Regression,26,0.4620448108268384,0.30606761294168416
Logistic Regression,27,0.4614560388087792,0.3058992339349639
Logistic Regression,28,0.4609322427406682,0.30618497144988366
Logistic Regression,29,0.46046566036253095,0.3064091356633423
Logistic Regression,30,0.4600495563025882,0.30652069852554154
Logistic Regression,31,0.45967806923722637,0.30659843829630384
Logistic Regression,32,0.4593460847232716,0.30643818511782056
Logistic Regression,33,0.4590491288883426,0.30652860061949594
Logistic Regression,34,0.458783279155981,0.30643480473712775
Logistic Regression,35,0.4585450889527886,0.3061638149543889
Logistic Regression,36,0.45833152394727433,0.3061615343985269
Logistic Regression,37,0.4581399078437426,0.30604193343941916
Logistic Regression,38,0.4579678761288144,0.30624079781500135
Logistic Regression,39,0.4578133364654161,0.30604998992830784
Logistic Regression,40,0.457674434666284,0.3059517780464375
Logistic Regression,41,0.45754952536924404,0.3060949511604884
Logistic Regression,42,0.4574371466897416,0.30595537593804745
Logistic Regression,43,0.4573359982500598,0.306044613869978
Logistic Regression,44,0.4572449220853955,0.3058061848762414
Logistic Regression,45,0.4571628860091638,0.30563933568170126
Logistic Regression,46,0.45708896908724395,0.3055755537568128
Logistic Regression,47,0.45702234892628396,0.30551862053438444
Logistic Regression,48,0.4569622905269325,0.3055408080066385
Logistic Regression,49,0.45690813649078976,0.30554698145687903
Logistic Regression,50,0.4568592984014271,0.30537814780088185
Logistic Regression,51,0.456815249226173,0.3052387579802439
Logistic Regression,52,0.4567755166074479,0.30509063649174706
Logistic Regression,53,0.45673967693099393,0.3050088181977158
Logistic Regression,54,0.45670735007401597,0.30520681314699544
Logistic Regression,55,0.4566781947495104,0.30504769208254623
Logistic Regression,56,0.45665190437431724,0.30496844041582216
Logistic Regression,57,0.45662820339802607,0.30476234059006957
Logistic Regression,58,0.45660684403805873,0.30474924105450324
Logistic Regression,59,0.45658760337327337,0.3046533101478201
Logistic Regression,60,0.4565702807544678,0.3045375538693179
Logistic Regression,61,0.45655469549535516,0.3044093283069763
Logistic Regression,62,0.4565406848120754,0.3042911671631343
Logistic Regression,63,0.4565281019831889,0.3037130835267967
Logistic Regression,64,0.45651681470547567,0.3037854348794395
Logistic Regression,65,0.4565067036237923,0.3038622789127904
Logistic Regression,66,0.4564976610157982,0.30367356594159545
Logistic Regression,67,0.45648958961459635,0.30366928192268905
Logistic Regression,68,0.45648240155428554,0.30363744753306515
Logistic Regression,69,0.456476017425137,0.3034972783493886
Logistic Regression,70,0.4564703654266101,0.30343413323166907
Logistic Regression,71,0.45646538060774816,0.30333561293081596
Logistic Regression,72,0.4564610041856572,0.30342557996365105
Logistic Regression,73,0.4564571829338035,0.3034054723870291
Logistic Regression,74,0.45645386863276893,0.3033595725480276
Logistic Regression,75,0.45645101757691153,0.3033720979852408
Logistic Regression,76,0.45644859013108574,0.3032615463278561
Logistic Regression,77,0.4564465503322115,0.3033113253249946
Logistic Regression,78,0.4564448655310359,0.3037111893663385
Logistic Regression,79,0.456443506069935,0.3036563841929672
Logistic Regression,80,0.45644244499303704,0.3036085943396332
Logistic Regression,81,0.45644165778534895,0.30361629322784295
Logistic Regression,82,0.4564411221379139,0.3035206434779978
Logistic Regression,83,0.45644081773633954,0.30364420093076405
Logistic Regression,84,0.4564407260703176,0.303595696069009
Logistic Regression,85,0.4564408302620002,0.3035769527169073
Logistic Regression,86,0.45644111491132283,0.3035600099181727
Logistic Regression,87,0.45644156595655977,0.30362085642033565
Logistic Regression,88,0.4564421705485756,0.30361770598061943
Logistic Regression,89,0.4564429169373949,0.3034883289486846
Logistic Regression,90,0.4564437943698527,0.30350505405961065
Logistic Regression,91,0.4564447929972166,0.3035759372806141
Logistic Regression,92,0.45644590379178185,0.3035604719023514
Logistic Regression,93,0.45644711847154723,0.3035334907776985
Logistic Regression,94,0.4564484294321652,0.3034848557839995
Logistic Regression,95,0.45644982968544423,0.3034889517120041
Logistic Regression,96,0.45645131280375495,0.3034256783811896
Logistic Regression,97,0.456452872869756,0.3036325126351511
Logistic Regression,98,0.4564545044309134,0.30363710818932343
Logistic Regression,99,0.45645620245834345,0.30358159043225574
Logistic Regression,100,0.4564579623095529,0.3035206229339576
Logistic Regression,101,0.45645977969469476,0.30357957761736754
Logistic Regression,102,0.4564616506459966,0.30372027964108433
Logistic Regression,103,0.4564635714900501,0.30367783176261715
Logistic Regression,104,0.45646553882268576,0.3052815773022483
Logistic Regression,105,0.45646754948617885,0.30524000319878275
Logistic Regression,106,0.4564696005485631,0.3052085209373579
Logistic Regression,107,0.4564716892848474,0.30516088502742955
Logistic Regression,108,0.4564738131599518,0.30508867975378606
Logistic Regression,109,0.45647596981319816,0.3051037477375581
Logistic Regression,110,0.45647815704420674,0.3050616700598766
Logistic Regression,111,0.4564803728000624,0.30502383995100346
Logistic Regression,112,0.4564826151636322,0.3050984266157203
Logistic Regression,113,0.4564848823429231,0.3050721346072409
Logistic Regression,114,0.45648717266138106,0.3052372536443083
Decision Tree,1,0.4789113974367168,0.1965683158847235
Decision Tree,2,0.4720233085933314,0.21113828878274538
Decision Tree,3,0.4699669438250474,0.22194536127233067
Decision Tree,4,0.4836747369092772,0.2346919145355258
Decision Tree,5,0.48789319167666806,0.22814451618026543
Decision Tree,6,0.5011808488075165,0.21941295272829192
Random Forest,1,1.0327924340695387,0.20600802195169715
Random Forest,2,0.5033248402326351,0.22287044752454904
Random Forest,3,0.47940450421041403,0.21966565466825294
Random Forest,4,0.4712914507239156,0.2254575254487274
Random Forest,5,0.4689724828917209,0.2293164547092661
Random Forest,6,0.46569343709092176,0.2266864335108001
Random Forest,7,0.4617166106275724,0.2321919351013786
Random Forest,8,0.4602156299036265,0.2332748114316211
Random Forest,9,0.45895452861382224,0.23397372151001297
Random Forest,10,0.45917223572720967,0.23241075440043413
Random Forest,11,0.4576084365558434,0.23501377645879015
Random Forest,12,0.45725543143686864,0.23541438438123682
Random Forest,13,0.4565141612118833,0.23473215899532365
Random Forest,14,0.45620244595282017,0.2341951982293737
Random Forest,15,0.4555972569254651,0.23580530964181434
Random Forest,16,0.4555543152390038,0.2354742225227357
Random Forest,17,0.4542589701490944,0.2384542416704238
Random Forest,18,0.45450565487221917,0.23688099895409512
Random Forest,19,0.4538812111662825,0.23819837426207713
Random Forest,20,0.4525862527252496,0.23982368588705216
Random Forest,21,0.453148051470604,0.23947891103162
Random Forest,22,0.45311678074751266,0.238573652957562
Random Forest,23,0.4538476357221366,0.2368017297121714
Random Forest,24,0.4527605508097191,0.23964211702592536
Random Forest,25,0.4528556263155891,0.23876014134091628
Random Forest,26,0.4529149477685094,0.24089216847016465
Random Forest,27,0.4525333482453229,0.2415434484304318
Random Forest,28,0.4524716803736995,0.24179470643506226
Random Forest,29,0.45207143094045765,0.24294022069049376
Random Forest,30,0.4521130066601684,0.24322101028069448
Random Forest,31,0.45194852215703396,0.2434520006344196
Random Forest,32,0.45151406330762855,0.24422140035762097
Random Forest,33,0.45161425163141977,0.24530948280179782
Random Forest,34,0.45204681271233194,0.2437011356937424
Random Forest,35,0.4516238567481142,0.244741849603153
Random Forest,36,0.45174649133166916,0.24425131567328856
Random Forest,37,0.45187152667744984,0.24401522607954626
Random Forest,38,0.4522410568853969,0.2426074187051636
Random Forest,39,0.45214309869176444,0.24254614468541735
Random Forest,40,0.45197270973774517,0.2435253383321873
Random Forest,41,0.4518048381928846,0.24360419404234043
Random Forest,42,0.4521458703615382,0.24317271824166778
Random Forest,43,0.4519880732853303,0.24301814540466368
Random Forest,44,0.45174759115043966,0.2428887119985501
Random Forest,45,0.45161748334893675,0.24326807364241526
Random Forest,46,0.45137874201127615,0.24400743215415507
Random Forest,47,0.4515630431550827,0.24382983920035908
Random Forest,48,0.45161148938043477,0.24431204201117288
Random Forest,49,0.45208466659396646,0.24336057874709163
Random Forest,50,0.4519027081574534,0.24340136383595296
Random Forest,51,0.4514347498167219,0.2436074147640603
Random Forest,52,0.4513510094384358,0.24338671598664713
Random Forest,53,0.4512839569787025,0.24244383458148827
Random Forest,54,0.4511646813297305,0.24225985347341056
Random Forest,55,0.45102766783204573,0.24349915710098297
Random Forest,56,0.4509715859644658,0.24420066659788933
Random Forest,57,0.4509920679395338,0.24437042217039195
Random Forest,58,0.4510580786893262,0.24477257022916427
Random Forest,59,0.45107909356355935,0.24443630715318423
Random Forest,60,0.4511213173206195,0.24502926472635783
Random Forest,61,0.4511982614910939,0.24471053316518787
Random Forest,62,0.45112511631713414,0.2439019534478611
Random Forest,63,0.4510840938715838,0.2445929354248974
Random Forest,64,0.45108957260375815,0.2438861012093584
Random Forest,65,0.4510067364195094,0.24441203949171714
Random Forest,66,0.45114671849459187,0.2435478231123307
Random Forest,67,0.45115589068524914,0.24417212452007198
Random Forest,68,0.4513045899547554,0.24358528699516072
Random Forest,69,0.4513957752500455,0.2442341022209199
Random Forest,70,0.4514534999778459,0.24347872268762863
Random Forest,71,0.4513427383982571,0.24376725231852922
Random Forest,72,0.4511209307306998,0.24480810015910126
Random Forest,73,0.4508693731225747,0.24633336221554034
Random Forest,74,0.4509467067509116,0.2457662373381081
Random Forest,75,0.4507592266694716,0.2465131036233611
Random Forest,76,0.4507690596822226,0.24673553453697006
Random Forest,77,0.4507285822910609,0.2472660143549542
Random Forest,78,0.45064503558454094,0.24711650856979778
Random Forest,79,0.4505618204710796,0.24784110902035628
Random Forest,80,0.45064238749087837,0.2479083912878432
Random Forest,81,0.4506853352945042,0.2478086375098985
Random Forest,82,0.4506695986934878,0.2474257839222263
Random Forest,83,0.4506184792859181,0.2475169035405418
Random Forest,84,0.4504606962054254,0.24847307155705944
Random Forest,85,0.45026619944210894,0.2490535510964506
Random Forest,86,0.45021546922507727,0.2492969743899704
Random Forest,87,0.45032457381185015,0.25010401597932774
Random Forest,88,0.45014405363763643,0.2506788081972927
Random Forest,89,0.4501913215160385,0.2499789097754641
Random Forest,90,0.45024439145600037,0.24963020004613162
Random Forest,91,0.45035491744563033,0.24876621013983946
Random Forest,92,0.45058492613817197,0.2486939788650731
Random Forest,93,0.45041716351605904,0.2487325132772812
Random Forest,94,0.45034248015294404,0.2486911597378404
Random Forest,95,0.4503102645356563,0.2485419525104332
Random Forest,96,0.45030488345526815,0.24889625573260943
Random Forest,97,0.45059088888585336,0.24815769362450266
Random Forest,98,0.4505145348236692,0.24886663472795456
Random Forest,99,0.45060486619382534,0.24905213222646733
Random Forest,100,0.45058577332415634,0.2486242537630184
Gradient Boosting,1,0.49106878860792874,0.2214063020256971
Gradient Boosting,2,0.48908770228980364,0.22911212953461113
Gradient Boosting,3,0.4872597260811398,0.2371851406548186
Gradient Boosting,4,0.4854397670525139,0.2382017212018814
Gradient Boosting,5,0.4837162482831214,0.24878674900878553
Gradient Boosting,6,0.4819977418570648,0.25088512298071497
Gradient Boosting,7,0.48062291974332394,0.251514660025215
Gradient Boosting,8,0.4792679066587058,0.25612044325877653
Gradient Boosting,9,0.4780993295957147,0.2532663220870827
Gradient Boosting,10,0.47706826655614554,0.25337925064396816
Gradient Boosting,11,0.47612017036583426,0.2545138384458054
Gradient Boosting,12,0.47533592914862527,0.25528556927922413
Gradient Boosting,13,0.47443209186496593,0.2559042958769193
Gradient Boosting,14,0.4735097094088276,0.25704604364035377
Gradient Boosting,15,0.4729675337151507,0.2584174195355135
Gradient Boosting,16,0.47240050999734967,0.2557860949980874
Gradient Boosting,17,0.4716456053120792,0.2569445789455803
Gradient Boosting,18,0.47099220083567606,0.2590637740959315
Gradient Boosting,19,0.47057550020509165,0.2590595031953479
Gradient Boosting,20,0.4700421967428808,0.2636190999182211
Gradient Boosting,21,0.46974634147118755,0.26351845669350077
Gradient Boosting,22,0.4693749062513478,0.2643666747899295
Gradient Boosting,23,0.46900594346373475,0.2627158037109959
Gradient Boosting,24,0.46830162430834704,0.26654605597884806
Gradient Boosting,25,0.46795026283332664,0.2665590924002763
Gradient Boosting,26,0.46767834907338196,0.2662325069849457
Gradient Boosting,27,0.4674543003858912,0.26499423874738615
Gradient Boosting,28,0.46717720368738336,0.2648239878933629
Gradient Boosting,29,0.4668710897828385,0.26457959918493856
Gradient Boosting,30,0.4666981850449365,0.26342178251026094
Gradient Boosting,31,0.46653996725482116,0.2644421993375815
Gradient Boosting,32,0.4664496168694197,0.26547332438850746
Gradient Boosting,33,0.46628761467256225,0.26489493493892313
Gradient Boosting,34,0.4660013940154046,0.264670532871853
Gradient Boosting,35,0.4657498847914144,0.2654293750780482
Gradient Boosting,36,0.4655499315054131,0.2659051843056559
Gradient Boosting,37,0.4654418645229027,0.26487482370074616
Gradient Boosting,38,0.4652329459525074,0.2666851793408389
Gradient Boosting,39,0.4649553501091218,0.26708952573120964
Gradient Boosting,40,0.4648231819581792,0.26663416432026193
Gradient Boosting,41,0.46457651615746764,0.2666807448751415
Gradient Boosting,42,0.46456015789665633,0.26667474022113513
Gradient Boosting,43,0.46445804089421894,0.26600985799105503
Gradient Boosting,44,0.4643221699818632,0.26463755901018715
Gradient Boosting,45,0.46420349052532245,0.2639448684273136
Gradient Boosting,46,0.46400878568050785,0.26454515659005434
Gradient Boosting,47,0.46399954465990983,0.2650102541552258
Gradient Boosting,48,0.4635613951493092,0.26701683575314855
Gradient Boosting,49,0.46359946052852025,0.26461742475143146
Gradient Boosting,50,0.4635699867070914,0.26332761859113796
Gradient Boosting,51,0.46344532557130136,0.2635417586487338
Gradient Boosting,52,0.4633256651129818,0.26377458549654786
Gradient Boosting,53,0.4633416755892391,0.2637916243503242
Gradient Boosting,54,0.4632660526347767,0.2644522721985608
Gradient Boosting,55,0.4630809842116534,0.2661234994655968
Gradient Boosting,56,0.4630220516473033,0.2657748699015715
Gradient Boosting,57,0.4629756441945029,0.26524559923366964
Gradient Boosting,58,0.4629546333201622,0.26487459114686623
Gradient Boosting,59,0.462777787927293,0.26489561809823303
Gradient Boosting,60,0.46263053612880534,0.26575261628283886
Gradient Boosting,61,0.4624994715799866,0.26644597383888363
Gradient Boosting,62,0.4625320771775961,0.2668680172474608
Gradient Boosting,63,0.46255767689434346,0.2668992845464251
Gradient Boosting,64,0.46239830194401965,0.2675839145153916
Gradient Boosting,65,0.46241901074083264,0.2674102510093516
Gradient Boosting,66,0.4623655798857168,0.26730187290243723
Gradient Boosting,67,0.46224864445102165,0.26766578728357826
Gradient Boosting,68,0.46222129464045153,0.2668204398636714
Gradient Boosting,69,0.4621586850011926,0.2673815075986017
Gradient Boosting,70,0.4621274917015722,0.2669955108998313
Gradient Boosting,71,0.4620968231532195,0.26742126948169853
Gradient Boosting,72,0.46199412552356817,0.2689477267207673
Gradient Boosting,73,0.4619345831679885,0.269323497704618
Gradient Boosting,74,0.46190241609102944,0.2690897873961214
Gradient Boosting,75,0.4618151970037607,0.26915639744087416
Gradient Boosting,76,0.46183640959515465,0.26815285067896966
Gradient Boosting,77,0.4616295686879073,0.26905765120071057
Gradient Boosting,78,0.4614929418885397,0.26976781183543297
Gradient Boosting,79,0.46142557918880234,0.27031103774258014
Gradient Boosting,80,0.46137442822784935,0.2701628839779812
Gradient Boosting,81,0.46123933691624003,0.2703678489960651
Gradient Boosting,82,0.46120576459097,0.2709452347218064
Gradient Boosting,83,0.46112541112950717,0.2713534309515951
Gradient Boosting,84,0.4611037876036486,0.27073536020422256
Gradient Boosting,85,0.46107743003182705,0.27103730360320166
Gradient Boosting,86,0.46094306041744465,0.26994295908766053
Gradient Boosting,87,0.46090659993974065,0.27249000678043056
Gradient Boosting,88,0.46065285889404106,0.27333326465988705
Gradient Boosting,89,0.4605874213902122,0.2736044822063349
Gradient Boosting,90,0.46062901471242623,0.27184842081160804
Gradient Boosting,91,0.4605209755384688,0.27211562539392603
Gradient Boosting,92,0.4604459348524657,0.27220466506408664
Gradient Boosting,93,0.4604235586010254,0.2714723510358258
Gradient Boosting,94,0.4603654548191265,0.2715862792071171
Gradient Boosting,95,0.4603984899278965,0.2713885744977501
Gradient Boosting,96,0.46049471923056434,0.27278976422130485
Gradient Boosting,97,0.46053264080388,0.2733210873313569
Gradient Boosting,98,0.4605816468018394,0.272082029546038
Gradient Boosting,99,0.46055991875332103,0.27219046917224465
Gradient Boosting,100,0.4605209831845089,0.2727944315751798
Gradient Boosting,101,0.4604093714369492,0.272984761444255
Gradient Boosting,102,0.46040604893071346,0.2731537422609918
Gradient Boosting,103,0.46037846790117903,0.2732754243243237
Gradient Boosting,104,0.4602268897343742,0.27396649144521634
Gradient Boosting,105,0.46022512150470507,0.2748841367628489
Gradient Boosting,106,0.4602215784342152,0.2751964991820498
Gradient Boosting,107,0.4601679532572281,0.27561829784062747
Gradient Boosting,108,0.4601683438740974,0.2756668067635438
Gradient Boosting,109,0.4601036795195389,0.2756646487925668
Gradient Boosting,110,0.46014249078285324,0.2758965365676064
Gradient Boosting,111,0.4599595352593736,0.27630018773086246
Gradient Boosting,112,0.4598176445595913,0.2767227875028655
Gradient Boosting,113,0.4600218102199828,0.2763265284478853
Gradient Boosting,114,0.46011273036264144,0.27559785501536666
Gradient Boosting,115,0.4601102838338277,0.27555055507158255
Gradient Boosting,116,0.4600802655957648,0.27566763908311526
Gradient Boosting,117,0.46000146917114315,0.2760009047222617
Gradient Boosting,118,0.46002147184586334,0.2758281264595869
Gradient Boosting,119,0.4600007052376725,0.27620746009536906
Gradient Boosting,120,0.46000461519793895,0.27625399675385953
Gradient Boosting,121,0.45997709919724433,0.2760783008012387
Gradient Boosting,122,0.4600011755681983,0.275511921544475
Gradient Boosting,123,0.45999574868229104,0.27644914712097546
Gradient Boosting,124,0.45998481447586687,0.27645926708816027
Gradient Boosting,125,0.46000357521648855,0.2761559166210866
Gradient Boosting,126,0.4599560181980964,0.27628841810630345
Gradient Boosting,127,0.4599860103584158,0.2761010386737424
Gradient Boosting,128,0.4599221337867962,0.27608613422137085
Gradient Boosting,129,0.4598955635590456,0.2764348937400131
Gradient Boosting,130,0.45983608616303634,0.2766544118069912
Gradient Boosting,131,0.4598512697746849,0.2761925632126384
Gradient Boosting,132,0.4597600540501957,0.2773383307857276
Gradient Boosting,133,0.45967219986672725,0.277377538132996
Gradient Boosting,134,0.4596216812597589,0.2771926534735535
Gradient Boosting,135,0.45966686391658396,0.27716852730300046
Gradient Boosting,136,0.45970736345010993,0.27710501706411034
Gradient Boosting,137,0.4597093450584878,0.27665952702819513
Gradient Boosting,138,0.45964331437452643,0.2770140476772234
Gradient Boosting,139,0.45964970533556865,0.27652696642986613
Gradient Boosting,140,0.4596309636648383,0.2757907461705963
Gradient Boosting,141,0.45964483373337406,0.27589057809866957
Gradient Boosting,142,0.4597011443428701,0.2751454619244959
Gradient Boosting,143,0.45970399194090894,0.2752817829326097
Gradient Boosting,144,0.459728832060472,0.2755888262234376
Gradient Boosting,145,0.4597720360732985,0.2753099910017687
Gradient Boosting,146,0.45976006089018034,0.27567620291625794
Gradient Boosting,147,0.4597539029542859,0.27595209609921684
Gradient Boosting,148,0.459757650095567,0.27634260279389405
Gradient Boosting,149,0.459709694511549,0.2764074821149916
Gradient Boosting,150,0.45973149137913777,0.27677429022149486
Gradient Boosting,151,0.4598050990939024,0.2770196861612192
Gradient Boosting,152,0.45986917772659164,0.2769340770725733
Gradient Boosting,153,0.45988575362262923,0.2766378206447702
Gradient Boosting,154,0.45996976637209297,0.2768349400364494
Gradient Boosting,155,0.4600605874681546,0.2763995032889449
Gradient Boosting,156,0.46013115063981946,0.27626573128396986
Gradient Boosting,157,0.4601030763890111,0.2765941657768367
Gradient Boosting,158,0.460189829291657,0.27658306759294615
Gradient Boosting,159,0.460267001511388,0.27615033414172574
Gradient Boosting,160,0.4603309933441577,0.27533543438055597
Gradient Boosting,161,0.4602439850823291,0.27552536502504466
Gradient Boosting,162,0.46022866812689756,0.2756538916778989
Gradient Boosting,163,0.4602679874379155,0.2752834356942285
Gradient Boosting,164,0.4602698017216912,0.2755102654764091
XGBoost,1,0.4909189817413953,0.2220193558542927
XGBoost,2,0.48844530843724365,0.24047225101104078
XGBoost,3,0.48684468388617724,0.24550411948054177
XGBoost,4,0.48491921166834595,0.24903171609260297
XGBoost,5,0.4833796460651166,0.2527883710734875
XGBoost,6,0.48189847606255387,0.25487303561928276
XGBoost,7,0.4803354061685783,0.25773283361597654
XGBoost,8,0.4790396303120672,0.2563490282582477
XGBoost,9,0.4780640862708501,0.25558294705281775
XGBoost,10,0.47709028397889686,0.25439923149894517
XGBoost,11,0.4760490081776199,0.2546169418825589
XGBoost,12,0.47516640548101985,0.25529258654113446
XGBoost,13,0.4741611553554764,0.25828056654575177
XGBoost,14,0.4733834341072979,0.25977349763969687
XGBoost,15,0.4726354279447108,0.25791456446011973
XGBoost,16,0.47209473632319704,0.2566276700368676
XGBoost,17,0.47121938812275077,0.25956726732451135
XGBoost,18,0.4705661389393866,0.25952302315455206
XGBoost,19,0.46994334540432675,0.25905912088266686
XGBoost,20,0.4691302428025914,0.26212453293702165
XGBoost,21,0.4685302276834507,0.26514298657460816
XGBoost,22,0.46816407163169693,0.26335598816417527
XGBoost,23,0.46804539794174266,0.26518313428795826
XGBoost,24,0.46782142242616886,0.26581687062492887
XGBoost,25,0.4673661190297119,0.26639918798728945
XGBoost,26,0.4669193971732573,0.2675202209930361
XGBoost,27,0.4666460802582328,0.2666316355610838
XGBoost,28,0.4664735031109773,0.26465999194078965
XGBoost,29,0.46595530656907985,0.26635622100324136
XGBoost,30,0.4654363879894877,0.2669280715081697
XGBoost,31,0.46464730512449126,0.2695911859340434
XGBoost,32,0.4644749164875779,0.2709002633144829
XGBoost,33,0.46440062696194334,0.26859535351681835
XGBoost,34,0.4641359636974136,0.2679618908688205
XGBoost,35,0.4637436433630826,0.2712057130016692
XGBoost,36,0.4636528874720376,0.27082120444130586
XGBoost,37,0.4636792103510814,0.26943329844012986
XGBoost,38,0.4636486430423634,0.2685543052356686
XGBoost,39,0.46359217917616,0.26744093305986705
XGBoost,40,0.46352453917525294,0.2668008733636982
XGBoost,41,0.46342400080913393,0.2664834339064748
XGBoost,42,0.463264454647103,0.26556849955518547
XGBoost,43,0.46315617769433315,0.26552644865216213
XGBoost,44,0.4630538581073179,0.26574267825078124
XGBoost,45,0.4630753898643339,0.2649939206922646
XGBoost,46,0.46284714170765723,0.26732192506694963
XGBoost,47,0.4627759278447884,0.26711078616803935
XGBoost,48,0.4627846273953349,0.26802625925545753
XGBoost,49,0.46276585203875553,0.2689597039929866
XGBoost,50,0.4626930654724816,0.26780839355150854
XGBoost,51,0.4623846494617798,0.26835565847578957
XGBoost,52,0.4623663462637244,0.268191470810052
XGBoost,53,0.46252214854200635,0.26705178689128295
XGBoost,54,0.4626257446812071,0.266341021249068
XGBoost,55,0.4626325977890367,0.2661298638278642
XGBoost,56,0.4623890090597595,0.2662607304835233
XGBoost,57,0.461936976241931,0.2663298802028562
XGBoost,58,0.46160577315101403,0.26671828482249255
XGBoost,59,0.4613413384274088,0.26734431497068406
XGBoost,60,0.46129319252042483,0.26774134326468507
XGBoost,61,0.46142320416265015,0.2665829741853149
XGBoost,62,0.4612591183191378,0.2670450262228942
XGBoost,63,0.4607672606433989,0.2677087266787067
XGBoost,64,0.46084909935029433,0.26936609987761145
XGBoost,65,0.46059879333876336,0.270389753400914
XGBoost,66,0.4605159197327762,0.2711479655999276
XGBoost,67,0.4603569026646257,0.2706854092184793
XGBoost,68,0.4604389988939641,0.2708023555304965
XGBoost,69,0.46037200714815263,0.27091930609974696
XGBoost,70,0.4607184743722523,0.2699000376663044
XGBoost,71,0.4603480056974311,0.2701835783447468
XGBoost,72,0.46036920327488023,0.26953520279440196
XGBoost,73,0.460449935830471,0.2695850126152194
XGBoost,74,0.46056339168902194,0.26942235512736495
XGBoost,75,0.4605078671863507,0.2694275452778246
XGBoost,76,0.46047031798286786,0.2697307074432843
XGBoost,77,0.4601670996021004,0.27110669296084233
XGBoost,78,0.46001682920809883,0.2719254363820737
XGBoost,79,0.45992974852737295,0.2719380503980695
XGBoost,80,0.45992485508823605,0.2726916443090005
XGBoost,81,0.45983460340701976,0.2729710245493189
XGBoost,82,0.4597302757170427,0.27330896360622725
XGBoost,83,0.45988191937456174,0.27327100447381236
XGBoost,84,0.4598825017250289,0.2730393503054402
XGBoost,85,0.4600054639516321,0.27240816474069984
XGBoost,86,0.4602903878583041,0.2719605632853665
XGBoost,87,0.4603989444389295,0.27132591814661533
XGBoost,88,0.4603845992752085,0.27176353660214936
XGBoost,89,0.4604867329376711,0.27222760382528743
XGBoost,90,0.460536159759593,0.27094068880943517
XGBoost,91,0.4603685932126401,0.2709354685914344
XGBoost,92,0.4604392498187748,0.26989220172817346
XGBoost,93,0.4605777345544965,0.2693268847535878
XGBoost,94,0.4605643870638216,0.2698037679152243
XGBoost,95,0.46050283920298424,0.2702193184492825
XGBoost,96,0.4604921158401467,0.2697597629239301
XGBoost,97,0.46051596286692653,0.2692550937888813
XGBoost,98,0.460418638870893,0.2701768707352634
XGBoost,99,0.4605919346305031,0.2703444529013435
XGBoost,100,0.4608267953733302,0.2721621823680585
XGBoost,101,0.4606245458554066,0.27307612244314994
XGBoost,102,0.460509660526389,0.2736351481966617
XGBoost,103,0.4605424796605922,0.27306551841837423
XGBoost,104,0.46041980227374757,0.273188730598412
XGBoost,105,0.46051938591103175,0.2733188314785846
XGBoost,106,0.460693547872159,0.2727443731212665
XGBoost,107,0.46041692516529353,0.27314763653924884
XGBoost,108,0.46024684710222424,0.2746903773107679
XGBoost,109,0.46032085839913034,0.27762845494465505
XGBoost,110,0.46001116672726056,0.2756736371114419
XGBoost,111,0.45967298748838425,0.27937157105082233
XGBoost,112,0.45960401415337954,0.2800941992021758
XGBoost,113,0.459464540435864,0.2796782549290753
XGBoost,114,0.45964213362921413,0.28021665951859404
XGBoost,115,0.45966330713785963,0.27935860912835
XGBoost,116,0.45969037205805635,0.2757061585138093
XGBoost,117,0.4595816661587576,0.27552689684182163
XGBoost,118,0.45971167877689334,0.2751737486551717
XGBoost,119,0.45943948015175184,0.27666182785783566
XGBoost,120,0.45950680428324064,0.27511489110985
XGBoost,121,0.4593440076953024,0.2743947700503174
XGBoost,122,0.4591409388250885,0.2751752713977553
XGBoost,123,0.459034412671401,0.2756832849744909
XGBoost,124,0.4588417673483378,0.2753383458197279
XGBoost,125,0.4587930022897146,0.2743686191378375
XGBoost,126,0.45896574283865715,0.2747905751043554
XGBoost,127,0.45882552327518034,0.274485088798373
XGBoost,128,0.4589107835713368,0.2750724696947866
XGBoost,129,0.45872742354960705,0.27477989347413584
XGBoost,130,0.45880624027692696,0.2748980834061072
XGBoost,131,0.45894674369349464,0.2745084317391122
XGBoost,132,0.45881606366815236,0.2747161336453585
XGBoost,133,0.4588788163752272,0.2754536321959163
XGBoost,134,0.45877612917732874,0.2753511143752085
XGBoost,135,0.45878527202013103,0.27514718747068423
XGBoost,136,0.4587265927180348,0.27554750309402426
XGBoost,137,0.458880532523932,0.2742537105287046
XGBoost,138,0.4589882500425245,0.2737404202796814
XGBoost,139,0.4591023610759371,0.2732266360707459
XGBoost,140,0.45889304717254964,0.27258705021958324
XGBoost,141,0.4589550165196418,0.2728195992394704
XGBoost,142,0.4589546521864336,0.2731140527700003
XGBoost,143,0.45908621951406386,0.2719659386515776
XGBoost,144,0.45894065215106017,0.2730233116240049
XGBoost,145,0.45869164076435154,0.2735504354393773
XGBoost,146,0.4588766739409274,0.2730924028161073
XGBoost,147,0.458896890555904,0.27239136431196964
XGBoost,148,0.45913795589435424,0.2716294874797859
XGBoost,149,0.45918652193146564,0.27169944669933666
XGBoost,150,0.45913076130463254,0.2714884335081321
XGBoost,151,0.45923382961999204,0.2709392936231019
XGBoost,152,0.4594950661656671,0.27012367998286213
XGBoost,153,0.4594007054813834,0.26969392530325
XGBoost,154,0.45918933107034465,0.2700056623625663
XGBoost,155,0.4590514764810719,0.2703397429730555
XGBoost,156,0.45895347478552795,0.2700140204854443
XGBoost,157,0.4589436083395075,0.2693828735263646
XGBoost,158,0.45909517072466344,0.26960203082500067
XGBoost,159,0.45924435305820194,0.2691386261598409
XGBoost,160,0.4593255874142684,0.26828587153766376
XGBoost,161,0.45958577795452243,0.2677899083790265
XGBoost,162,0.4595588021768103,0.26752431471257604
XGBoost,163,0.4597861722027458,0.26709979832687636
XGBoost,164,0.45981477435031715,0.26583032384305744
XGBoost,165,0.4598592795637933,0.2663151839954507
XGBoost,166,0.4599304604317727,0.26539961276120105
XGBoost,167,0.46004412338568806,0.26468379669909853
XGBoost,168,0.46016901809598787,0.26465211666956406
XGBoost,169,0.4601469204588628,0.26494567194220586
XGBoost,170,0.46016096455629063,0.26508793945897163
XGBoost,171,0.46018408914146686,0.2658923638865759
XGBoost,172,0.46017315512812434,0.26501512060694793
XGBoost,173,0.46011169535592605,0.26480959782532987
XGBoost,174,0.4601485934270123,0.2646972598976059
XGBoost,175,0.46025421804077193,0.26478563385591386
