n_trees,train_mse,test_mse,test_r2
0,0.0007285751542565047,0.0006893122662333571,-0.0012874075358952908
1,0.0006824043928918569,0.0006457850541394253,0.06193974144979153
2,0.0006399348940258389,0.0006053638367952043,0.12065515666385696
3,0.0006022735480820395,0.0005696334772434495,0.172556683502189
4,0.000567359199973654,0.0005367730315933529,0.22028940500916516
5,0.0005362522079629421,0.0005072770899459446,0.2631348850502315
6,0.0005079754449982653,0.000480522056002954,0.3019989527414957
7,0.0004819653357889855,0.0004559971387899998,0.33762357742774507
8,0.00045857515347817637,0.0004337517899421937,0.3699369262083554
9,0.00043697204750955493,0.0004131643661847582,0.3998419912590141
10,0.00041722050484952177,0.0003945288865781862,0.42691168373005395
11,0.0003992730689076577,0.0003772396509963148,0.4520258369550435
12,0.00038264225743902755,0.0003617738256548474,0.4744913245433906
13,0.0003675170372982805,0.0003476167463793645,0.4950557420076078
14,0.0003537687534380293,0.00033535627918353266,0.5128651616495578
15,0.00034139481040133097,0.00032394119596019117,0.5294465858420538
16,0.0003298479538295868,0.0003137813770458481,0.5442046269217011
17,0.0003193338091238841,0.0003041847555423986,0.5581445736439596
18,0.00030959730471855236,0.00029534956086849166,0.5709784801381121
19,0.00030071869193015136,0.00028741585110185784,0.5825028995827034
20,0.00029259530019418465,0.00028051017257906186,0.5925340121627105
21,0.0002849769494691192,0.0002740470211062073,0.6019223148228805
22,0.00027794135455862554,0.0002680638268578385,0.610613436903834
23,0.00027159728813264187,0.00026234367917016277,0.6189224604472745
24,0.00026554366549992587,0.0002570968993001324,0.6265438751113155
25,0.00025996309778453496,0.00025265100381490857,0.6330019339369628
26,0.0002548067749605017,0.00024852421712385597,0.6389964588420787
27,0.00024984665968898537,0.0002443046213396074,0.6451257972139992
28,0.0002452633461372702,0.00024067743513086763,0.6503946079598819
29,0.00024107997934836838,0.0002370019600479641,0.6557335625926395
30,0.00023722826260682902,0.00023370793221157772,0.6605184311554307
31,0.0002334008116910795,0.00023108086809475435,0.6643344755634875
32,0.00022975148437135454,0.0002280094536130321,0.668795978418611
33,0.00022653480545699805,0.0002250581026884835,0.6730830782726698
34,0.00022362766053715162,0.00022279096779437104,0.6763762934551942
35,0.00022060063720375203,0.00022035742252094376,0.6799112345222756
36,0.00021789335740101577,0.00021798038313438088,0.6833640957603151
37,0.00021540558007555438,0.00021620880731817313,0.6859374672831474
38,0.00021309907002903358,0.0002141802359961826,0.6888841476477616
39,0.0002107919543094611,0.00021219407424013403,0.6917692243438835
40,0.0002087289754621187,0.0002107814608230529,0.6938211710384761
41,0.00020666672850882888,0.0002090842541268883,0.6962865147964528
42,0.0002047590911034846,0.00020750026280902853,0.6985874031425804
43,0.00020286994202544915,0.00020587225305841562,0.7009522321794142
44,0.0002010929757656167,0.00020415720551223568,0.7034434913596679
45,0.0001992508176032718,0.0002029940644707714,0.7051330572285162
46,0.00019783075064062924,0.00020186841207202268,0.706768167507764
47,0.000196072911447876,0.00020032367803858394,0.7090120311548249
48,0.00019449130404700673,0.00019933675997834937,0.7104456174616267
49,0.0001932499837933496,0.00019852228147344863,0.7116287199691769
50,0.00019197211845644883,0.00019758978673370037,0.7129832515599253
51,0.0001907293885515515,0.00019667503406049447,0.7143120112201817
52,0.00018931784277835022,0.00019607389627508562,0.7151852173478094
53,0.00018790245443802477,0.00019502982847613808,0.7167018187357586
54,0.0001866511139319557,0.00019442654045407273,0.717578148273476
55,0.0001855928403345816,0.0001934221813790969,0.7190370692062384
56,0.0001845133112048976,0.00019270427619702668,0.7200798903684666
57,0.00018322948974876707,0.00019181136150116633,0.7213769284233009
58,0.0001821798310897648,0.00019105337209820582,0.7224779754834052
59,0.00018098437614866972,0.0001901526203293718,0.7237863975841426
60,0.0001801404596302549,0.00018948977261911963,0.724749242869076
61,0.00017876309389963427,0.0001887138890108399,0.725876282854784
62,0.00017772419886230182,0.00018779081553014379,0.7272171292283758
63,0.00017672032726675398,0.00018720166415993678,0.7280729240212702
64,0.0001759466686188784,0.0001864552833324347,0.7291571085924919
65,0.00017498659791740002,0.0001857402244805972,0.7301957952067667
66,0.00017381602583578054,0.00018519090655443632,0.7309937283774677
67,0.00017311151210295744,0.00018467460599963905,0.731743700878098
68,0.0001721754233197032,0.00018392620454318702,0.7328308205926822
69,0.00017139987888315685,0.0001833702410717709,0.7336384070092432
70,0.00017071450434078103,0.0001831123561018318,0.7340130078768641
71,0.00016996262183956146,0.00018271998917905477,0.7345829557483231
72,0.0001691145100935838,0.00018218282361031986,0.7353632365384433
73,0.00016840768648454686,0.00018174693533561955,0.7359964030464685
74,0.00016762486200751206,0.0001812702662051109,0.7366888073765807
75,0.00016687686562187316,0.00018085138799416053,0.73729726525331
76,0.00016631367320570035,0.00018032360686766108,0.7380639143059762
77,0.00016564107690582183,0.0001799184906433141,0.7386523816725061
78,0.0001648779194722022,0.0001795034131148227,0.7392553187197468
79,0.00016428433004945625,0.00017894118442072737,0.7400720059297818
80,0.00016372208723003265,0.0001785545827145183,0.7406335793111382
81,0.00016318266993096535,0.00017831295530601832,0.7409845646240336
82,0.0001626154874546984,0.0001779456217117438,0.7415181493581655
83,0.00016201137619789273,0.00017781441212478898,0.7417087429593554
84,0.00016145719135077978,0.00017753774063007703,0.7421106329259928
85,0.0001608453233002263,0.00017719765721739528,0.7426046343464097
86,0.00016051135881961514,0.00017698321134326434,0.7429161360617913
87,0.0001601522775531644,0.00017666367262115208,0.7433802944909158
88,0.00015954948166442705,0.00017622455837151734,0.7440181470146079
89,0.00015908390295132427,0.00017587278011005014,0.7445291362435922
90,0.00015866881886166117,0.0001756777986794097,0.7448123641226931
91,0.00015819600637516706,0.00017543763287431214,0.7451612263265808
92,0.00015773894269797875,0.00017521251604240992,0.7454882285577172
93,0.00015714741090939216,0.0001749979866859362,0.7457998515386308
94,0.00015663944118159866,0.00017463789368969367,0.7463229186597916
95,0.00015602276549199278,0.00017454637105206974,0.7464558634353983
96,0.000155702508192312,0.00017434428197287533,0.7467494158065227
97,0.000155116795651778,0.0001742260041965646,0.7469212248019703
98,0.00015485676664854202,0.0001741291718675885,0.7470618823767672
99,0.00015445718691923315,0.00017395237385752963,0.7473186972193591
100,0.00015408245400100017,0.00017374996003550905,0.7476127213083368
101,0.00015367760625880391,0.00017346298074581812,0.7480295842644558
102,0.00015329553191865852,0.00017327919939665306,0.7482965430285358
103,0.0001528078260469732,0.00017296200146378352,0.748757301252982
104,0.00015252745519349757,0.0001726090135863832,0.7492700475567511
105,0.0001522323644968941,0.00017256636458237387,0.7493319990303435
106,0.00015177730921283618,0.00017239754651768082,0.7495772222921684
107,0.00015126342558919776,0.00017228013176197129,0.749747777673394
108,0.00015079731054595753,0.00017208616842769665,0.7500295266769249
109,0.0001504482755245927,0.00017206311355882404,0.7500630159255794
110,0.000150118890048255,0.00017195810307946822,0.7502155529915638
111,0.0001499506079697264,0.00017194676750369837,0.750232018924105
112,0.0001496900447314138,0.00017178411220493053,0.7504682902200086
113,0.00014938989300896608,0.0001716216981733789,0.7507042110538107
114,0.00014907342432013402,0.00017156016629003355,0.7507935915899968
115,0.000148641820017254,0.00017146951000033547,0.7509252779181462
116,0.00014843813249962206,0.00017140826797697233,0.7510142374069141
117,0.00014816977970076546,0.00017124630123811028,0.7512495085082807
118,0.00014777438740338217,0.00017116566650242728,0.7513666376374206
119,0.00014750789378036754,0.00017112881673247223,0.7514201652074843
120,0.0001472129993603425,0.00017097293255722367,0.7516466008439244
121,0.00014681408678893432,0.00017090232831813094,0.7517491597841686
122,0.000146502451330668,0.00017074307188564983,0.7519804939243309
123,0.00014625028942121101,0.00017075001901599977,0.7519704025992833
124,0.00014601718588104663,0.00017057397162483382,0.7522261271011367
125,0.00014571945061853063,0.00017042915838800518,0.7524364812143362
126,0.0001453953584852634,0.0001703618141316446,0.7525343047395611
127,0.0001451431905616199,0.00017021446862730162,0.7527483371966677
128,0.00014500609797047162,0.00017026224162828207,0.7526789426614982
129,0.00014478198358753875,0.00017029056646743535,0.7526377983120444
130,0.00014443411326436895,0.0001705324298791131,0.7522864701835317
131,0.00014431295444380652,0.0001704336759685225,0.7524299190266223
132,0.0001441624643734938,0.00017034251568359232,0.752562337452696
133,0.00014387171030884406,0.0001702591323631338,0.7526834591458147
134,0.00014356839020617524,0.00017014332179494132,0.7528516843019175
135,0.00014329372890850735,0.00017017582208091593,0.7528044747443893
136,0.00014303571272704523,0.00017007388249203303,0.752952551068688
137,0.00014282103124971577,0.00016997260914521886,0.7530996596170939
138,0.0001426121931910534,0.00016990036515554408,0.7532046004409774
139,0.00014245471934023617,0.00016982094240502202,0.7533199690538184
140,0.00014231199956029006,0.0001696589674922949,0.7535552520284513
141,0.00014215962725736984,0.00016951705097333785,0.753761398401168
142,0.00014198748391786286,0.00016937740334812613,0.753964249003814
143,0.00014180157514787423,0.00016936783189102375,0.7539781523970044
144,0.00014156844597812773,0.00016934617082575766,0.754009617021888
145,0.0001414362004263449,0.0001692086105222366,0.754209435604031
146,0.00014123868365171328,0.0001692203504407684,0.7541923823276463
147,0.00014117401953036256,0.00016917550589629955,0.754257523019134
148,0.00014085855280019844,0.00016934219014431106,0.7540153993159239
149,0.00014072781909001968,0.00016929100671482747,0.754089747801983
150,0.0001404365429886866,0.00016908230370208952,0.7543929075001431
151,0.00014016983388834183,0.00016910677086875566,0.7543573667632651
152,0.00013989517707823637,0.0001690138759671452,0.7544923048744279
153,0.00013976817082024797,0.00016903202463800318,0.7544659423149846
154,0.000139590494597206,0.00016899831451306938,0.7545149092712627
155,0.0001395359966315749,0.00016889733218584276,0.7546615950878205
156,0.00013942871746891057,0.0001687572900389252,0.7548650187683521
157,0.00013934255482933846,0.00016863650878035154,0.7550404642945677
158,0.00013920372853534646,0.0001686312593976756,0.755048089490039
159,0.00013897959736947825,0.00016856456804846382,0.7551449646095291
160,0.0001387030646421542,0.00016859783887300536,0.7550966357761633
161,0.0001385733705023554,0.00016853323770997744,0.7551904747142189
162,0.0001384725287365714,0.00016843565256946449,0.7553322258147646
163,0.0001382638344680581,0.00016827059088651302,0.7555719925978354
164,0.0001380520983144493,0.0001682892080076858,0.7555449495726231
165,0.00013789491818197303,0.00016818444380734167,0.7556971288964269
166,0.00013773519681650572,0.00016832491447610663,0.7554930827497784
167,0.00013753601245910447,0.0001683735714395573,0.7554224041804585
168,0.00013733107843806423,0.0001683202760330436,0.7554998205010954
169,0.00013725471251264295,0.0001682301954799833,0.7556306705205444
170,0.00013708984955993362,0.00016817336035326744,0.7557132285997692
171,0.00013693173729266648,0.00016814907415897947,0.7557485064581634
172,0.00013680821234573917,0.00016809077590882184,0.7558331898543884
173,0.00013665934154565422,0.00016805153147494138,0.7558901958869012
174,0.00013649419279367566,0.00016793953840166454,0.7560528757919261
175,0.00013636014712932102,0.00016791191618022581,0.7560929995266246
176,0.00013629882777187153,0.00016788520349194643,0.7561318020834712
177,0.00013602255965465475,0.00016773771081955656,0.7563460483152622
178,0.00013589230489643731,0.00016771929858706497,0.7563727937214323
179,0.00013570695270844006,0.0001678450770525296,0.756190089307514
180,0.00013559842940811232,0.00016776915802151196,0.7563003684559841
181,0.00013542947398865159,0.00016775431041765192,0.7563219359218561
182,0.00013529244854961866,0.00016776119381948484,0.7563119371681505
183,0.00013511023812956327,0.00016771713897084368,0.7563759307561746
184,0.00013500450301593493,0.00016762795882043936,0.7565054728606405
185,0.00013468661240014217,0.0001676368046258155,0.7564926235411571
186,0.000134412611865825,0.00016753981010162353,0.7566335167189386
187,0.00013431155943927563,0.00016744157830418703,0.7567762071462107
188,0.00013416180327870437,0.00016737730338288795,0.7568695721891234
189,0.00013402810907203887,0.00016734178111314335,0.7569211714469992
190,0.0001339427518744457,0.0001673249987852962,0.7569455492716307
191,0.00013381681893194985,0.0001673081968881597,0.7569699555223962
192,0.00013362127600787332,0.00016724681903332962,0.7570591123184572
193,0.00013339438304445857,0.00016723661742270478,0.7570739310657154
194,0.0001332391930238572,0.00016725003023139264,0.7570544477675112
195,0.00013318034176376938,0.0001673511621993252,0.7569075445845118
196,0.0001328444750705994,0.00016718056171318715,0.7571553569721006
197,0.0001326836905194457,0.00016706714769544834,0.7573201009254041
198,0.000132484765001813,0.00016698634214368542,0.7574374781801008
199,0.0001322528819521198,0.0001669045773846099,0.7575562487687775
200,0.00013200430998796015,0.00016680799652943614,0.7576965410554982
201,0.00013182172388103946,0.00016689544424960807,0.7575695154601111
202,0.0001316361379420142,0.00016688855281879827,0.7575795258766201
203,0.0001314318559236984,0.0001669507399938007,0.7574891934709886
204,0.00013136197252329492,0.00016703849636839438,0.7573617195275874
205,0.00013131811740808012,0.00016697476368798234,0.7574542969173584
206,0.00013109943204305202,0.00016697449449028587,0.757454687950968
207,0.00013097005446751454,0.00016687387493914574,0.7576008468029772
208,0.0001308295771506968,0.00016688640740714365,0.7575826422779653
209,0.00013066535107506867,0.00016694424369827728,0.7574986299183317
210,0.0001304490587430689,0.0001669527560058578,0.7574862650340739
211,0.0001304077673917859,0.00016687759051317214,0.7575954496010606
212,0.0001302540315252794,0.00016681801781241395,0.7576819842501944
213,0.0001301034209212466,0.00016683013619939679,0.7576643812147054
214,0.000130014248014198,0.0001668185473949572,0.7576812149844236
215,0.00012980067938073565,0.00016676855967052054,0.7577538266024981
216,0.00012959721197273614,0.00016676980955693512,0.7577520110312554
217,0.00012938470994313956,0.00016667245438247802,0.7578934280856408
218,0.00012925137738579014,0.0001667223711750113,0.757820919502468
219,0.00012919661132845508,0.00016674294436614404,0.7577910351115713
220,0.0001290523863530369,0.00016669944318705818,0.7578542244452962
221,0.00012894351840380148,0.00016669536079657595,0.7578601544807572
222,0.00012886812063578527,0.00016671782960971763,0.757827516530204
223,0.00012858623203663142,0.00016675077093974695,0.7577796663169384
224,0.0001284027643519987,0.0001666465873798221,0.757931002208863
225,0.00012835528285545287,0.00016665029978029682,0.7579256096168127
226,0.00012824812799829623,0.00016675483160155096,0.757773767844316
227,0.0001282125718482769,0.0001667692332671939,0.7577528481433877
228,0.000128054022992937,0.00016672972271654566,0.7578102407341871
229,0.00012797922717093513,0.00016675100244544551,0.7577793300343099
230,0.00012795483008595454,0.00016674651497205727,0.7577858484887396
231,0.0001277773125311852,0.0001668206692814797,0.7576781327554263
232,0.00012756569821794202,0.00016676573992212206,0.7577579225379719
233,0.00012748237123197888,0.00016672120200543242,0.757822617825324
234,0.00012724441763066824,0.00016647156766771046,0.7581852339154386
235,0.00012709176311824592,0.00016646642958456645,0.7581926974384352
236,0.00012691691245929758,0.00016645177979139278,0.7582139775666825
237,0.0001266715135854437,0.00016641087951439903,0.7582733888586682
238,0.0001265725160730255,0.00016645694849418385,0.7582064695659236
239,0.0001264693761504835,0.00016650257588220484,0.7581401917245124
240,0.00012641901985503982,0.00016651614121860394,0.7581204868662345
241,0.00012628138416378589,0.00016660165467209285,0.7579962709653318
242,0.00012608658967165823,0.0001664827955345067,0.7581689244397665
243,0.0001259107276792191,0.00016658840094276728,0.7580155231866061
244,0.0001258460765996511,0.0001665723883910357,0.7580387828429285
245,0.0001257598896373443,0.00016661247190986932,0.7579805579648523
246,0.0001257250833827699,0.0001666594740513904,0.7579122831716452
247,0.00012563009220547814,0.00016660923992303575,0.7579852527133376
248,0.00012551141329636233,0.00016664064649243371,0.7579396318764651
249,0.00012532123197823113,0.00016675476507135972,0.7577738644853392
250,0.0001252438684226184,0.00016672865990538738,0.7578117845619724
251,0.000125137635911917,0.0001667760056736199,0.757743010620388
252,0.0001250140781221935,0.00016669159072858118,0.7578656308400121
253,0.0001247610379568383,0.00016655950341671255,0.7580574994147468
254,0.00012472556070242046,0.0001665354321983446,0.7580924650014866
255,0.0001245265361575269,0.00016653555636576367,0.7580922846372611
256,0.00012439329784365318,0.00016646513575106333,0.7581945768467349
257,0.0001243286040479048,0.0001664842333389528,0.7581668359008606
258,0.00012424269517673749,0.0001664643754698913,0.7581956812227935
259,0.00012408919825137208,0.00016649470724500396,0.7581516216202645
260,0.00012389529658315317,0.00016651155391242812,0.7581271503366721
261,0.00012378326994892178,0.00016656156443115028,0.7580545056078695
262,0.00012363698751272786,0.00016664460188592895,0.7579338863154288
263,0.00012354602475203526,0.00016668780824490232,0.757871125234153
264,0.00012345608015024316,0.0001666978620045163,0.7578565212536452
265,0.00012338408473313873,0.00016664273090885278,0.7579366040761273
266,0.0001233325602714624,0.00016659203826347368,0.7580102396546006
267,0.00012320290335717776,0.00016658881652983445,0.7580149195094086
268,0.00012305657170795845,0.00016650945132916847,0.7581302045259624
269,0.00012288617948517737,0.0001665731430728342,0.7580376866004581
270,0.00012279965187734994,0.00016660515070004306,0.7579911926736281
271,0.00012265658051300262,0.00016656516810139617,0.7580492709561523
272,0.00012253854853830495,0.00016657722954247918,0.7580317506396502
273,0.00012239155558905235,0.00016658666783308994,0.7580180406826392
274,0.00012231855777196612,0.00016652438587463612,0.7581085107696685
275,0.0001222633143827819,0.0001665335433885623,0.7580952086657777
276,0.00012219154859066927,0.00016654542622407316,0.758077947789763
277,0.000122066313889982,0.0001665949537049765,0.758006004716377
278,0.00012202387013224326,0.0001665763163044391,0.7580330771991711
279,0.00012186390105749837,0.00016660414523456,0.757992653201717
280,0.00012168273390904605,0.0001665319025826089,0.7580975920824379
281,0.0001215030572980336,0.00016642780935744142,0.7582487967550886
282,0.00012132553353217677,0.00016634698008991458,0.7583662084590428
283,0.0001211655766022179,0.0001663903589498476,0.7583031968047724
284,0.00012096182953441125,0.00016629864566433967,0.758436418513396
285,0.00012084330854247702,0.00016623283360617776,0.7585320163843895
286,0.00012072649984682198,0.00016618056676457417,0.758607938622964
287,0.00012066936760783606,0.00016618861166599943,0.7585962526877406
288,0.00012057061810455354,0.00016616135614800931,0.7586358437530476
289,0.00012037009872370407,0.00016614531082990031,0.7586591510054489
290,0.00012032834283671773,0.00016613260203104496,0.7586776116667227
291,0.00012030986614696917,0.0001661266957732577,0.7586861910317474
292,0.00012013327654856947,0.0001661022120965402,0.758721755750944
293,0.00011995607583261496,0.00016613661097483957,0.7586717883191113
294,0.00011985896401124511,0.00016614248377305808,0.7586632575570877
295,0.00011973321068121145,0.0001660925135662104,0.7587358437293054
296,0.00011966379376088468,0.00016609802634597048,0.75872783592613
297,0.00011962198904681257,0.0001661033793445897,0.7587200602192806
298,0.00011948102046657971,0.0001661130078991523,0.7587060738869482
299,0.00011938435447118555,0.0001660987251680643,0.7587268208248517
300,0.0001192330364476283,0.00016610998294880962,0.7587104678965066
301,0.00011908867212027312,0.00016609769504476407,0.7587283171706143
302,0.00011900939832484933,0.0001661284961297113,0.7586835758537877
303,0.00011886907512085732,0.0001661033463391265,0.758720108162653
304,0.00011880760485910673,0.00016609497365099093,0.7587322702372425
305,0.00011878544813338227,0.00016609462169980298,0.7587327814776625
306,0.00011875660086050398,0.00016607941794968874,0.7587548662776616
307,0.00011860086258009054,0.0001660829704459931,0.7587497059606484
308,0.00011843613612916345,0.00016609511044876583,0.758732071526301
309,0.00011828015617814214,0.00016603680010480917,0.7588167724898454
310,0.00011811751253887859,0.00016597992622759917,0.7588993868576112
311,0.00011797216880476094,0.00016605608790699842,0.7587887552407737
312,0.00011783106510117404,0.00016598172589346998,0.7588967726827844
313,0.00011766383964123438,0.00016593604206824574,0.7589631325042554
314,0.00011756959047787635,0.00016594513432415854,0.7589499251934364
315,0.00011747719646727909,0.00016602426302278638,0.758834983717139
316,0.00011737368236363527,0.00016602406986118408,0.7588352643015555
317,0.00011726310346275555,0.00016605334761196533,0.758792735763164
318,0.00011718267875015018,0.0001660502425733953,0.7587972461079995
319,0.00011706887726331086,0.00016600560760852672,0.7588620823664676
320,0.00011694582264882775,0.0001660310652377736,0.7588251028945514
321,0.00011685367702583668,0.00016602914982104995,0.7588278852077925
322,0.00011679541281186707,0.00016603338036269658,0.7588217399695814
323,0.00011667651099517881,0.00016606449107182004,0.7587765488960857
324,0.00011656487526465153,0.00016604999867687423,0.7587976003894004
325,0.00011649529908274017,0.00016602446233250162,0.7588346942020413
326,0.00011637296819152241,0.00016610832859359538,0.7587128709946738
327,0.0001162690623303772,0.00016605684269693362,0.7587876588412252
328,0.00011613554600498095,0.00016601038078139921,0.758855148908113
329,0.00011602017213679542,0.0001660200465104277,0.7588411085765608
330,0.00011585612703530858,0.00016592741285206158,0.7589756672086636
331,0.00011580183488572636,0.00016589885621876775,0.7590171482597334
332,0.0001156840424746763,0.00016590052575471566,0.7590147231101997
333,0.00011547533407934739,0.00016580064464734111,0.7591598093069264
334,0.00011545889770960281,0.00016583782442938943,0.75910580236493
335,0.00011538446858930267,0.0001658416658180032,0.7591002224061292
336,0.00011527760490593188,0.00016577154554488227,0.759202078342732
337,0.00011511511971204781,0.00016573392985404776,0.7592567184810313
338,0.00011506366471890121,0.00016570665906387333,0.759296331730545
339,0.00011504303326946419,0.00016567505153560565,0.7593422444780589
340,0.00011496376515117818,0.00016561707843953423,0.7594264555590386
341,0.00011481866513741963,0.0001657928653210922,0.7591711094705731
342,0.00011470800740907123,0.000165820042733476,0.7591316318606098
343,0.00011469639670369717,0.00016581374528891105,0.7591407794592402
344,0.00011448226154366753,0.00016577878550486498,0.7591915616565843
345,0.00011432229335526759,0.00016575742648404021,0.7592225875350385
346,0.00011414462298201406,0.0001656130050552016,0.759432372512266
347,0.00011402555515063941,0.00016560807601024026,0.7594395323887004
348,0.00011392664326807713,0.00016563775049791848,0.7593964275546611
349,0.00011374802152589,0.00016571172073229709,0.7592889792067294
350,0.00011361429889323129,0.0001655855585962367,0.7594722409363305
351,0.00011350527498002527,0.00016550583534216798,0.7595880460573143
352,0.00011338545760898681,0.00016551442599973106,0.7595755673627346
353,0.00011331098634866657,0.00016547260913705786,0.7596363100769853
354,0.00011321641662071656,0.00016537926212210083,0.7597719049230168
355,0.00011312022785098434,0.0001653584194188356,0.7598021808042694
356,0.00011300117172179891,0.0001653988923757159,0.759743390232775
357,0.00011291957338968174,0.0001653941807747254,0.7597502342524918
358,0.00011269383944061703,0.00016527967213191705,0.7599165682461179
359,0.00011264250833218496,0.00016525369335070462,0.7599543047376405
360,0.00011257477815278686,0.00016527585971405268,0.759922106122327
361,0.00011239825459927496,0.0001651617971222085,0.7600877921872342
362,0.00011217845684380582,0.00016516041741686772,0.7600897963320196
363,0.00011206557127488778,0.00016518920409715727,0.7600479811172169
364,0.00011195219539892419,0.0001651090433209191,0.7601644217780863
365,0.0001118777411406142,0.0001650563309314539,0.7602409912145784
366,0.00011173476408509236,0.00016503696921551727,0.7602691158299455
367,0.0001115985974945136,0.00016499775079182355,0.7603260840803475
368,0.00011148934650392667,0.00016498048036946213,0.7603511709056956
369,0.00011138623718750215,0.00016502721754493459,0.760283280999253
370,0.00011135751906550993,0.00016502920520628704,0.7602803937442596
371,0.000111269293620619,0.00016508596854689295,0.7601979399407477
372,0.00011119907718916296,0.00016510697214779772,0.7601674303413556
373,0.000111067711479868,0.00016512760579030734,0.7601374581394544
374,0.00011094646007896686,0.0001652190361200406,0.7600046474492732
375,0.00011080824825911166,0.00016522361233180702,0.7599980000944526
376,0.00011068779857779785,0.00016522726432768072,0.7599926952454605
377,0.00011059133986200918,0.00016522560777487434,0.759995101535826
378,0.00011050482362764854,0.0001652068866155787,0.7600222956856698
379,0.0001103428071919365,0.00016520211992486134,0.7600292197281172
380,0.00011024280829522343,0.0001651514480484072,0.7601028251378787
381,0.00011008682196936587,0.00016507460986245803,0.7602144394406811
382,0.00010994506892347333,0.00016510694404033607,0.7601674711699449
383,0.0001098318692738443,0.00016504685984580845,0.7602547488092957
384,0.00010967806711843275,0.0001650731116011539,0.7602166157985534
385,0.00010959285814411096,0.00016496192885739728,0.7603781186278402
386,0.0001094623129198896,0.0001649258969460587,0.7604304581854835
387,0.00010940080808174814,0.00016496134933678016,0.7603789604331072
388,0.00010925700707707132,0.0001649751726100535,0.760358880898566
389,0.00010915399937243918,0.00016503601399441616,0.7602705033735986
390,0.00010893496154842073,0.0001649707034529294,0.7603653727469921
391,0.00010886773592471861,0.00016497771959222312,0.7603551811803125
392,0.00010872380502465888,0.0001649410362054146,0.7604084670640497
393,0.00010867896203053876,0.0001649819620424314,0.760349018643856
394,0.0001085696797993104,0.00016494423690968372,0.7604038177562731
395,0.00010851840599149419,0.00016490172472643185,0.7604655704855399
396,0.00010836197661992694,0.00016492210182809694,0.7604359709320446
397,0.00010832239509199669,0.00016490116014526867,0.7604663905899207
398,0.00010820718793294674,0.00016490721391288987,0.7604575969537355
399,0.00010818598001379621,0.00016493861379050827,0.7604119858372682
400,0.00010812537958897111,0.00016502431123184208,0.7602875026776481
401,0.00010803858850796763,0.00016491888732708218,0.760440640280822
402,0.00010794240062104459,0.00016485443086086565,0.7605342690338828
403,0.0001078171719392547,0.00016485669948852785,0.7605309736503217
404,0.00010774321353456193,0.0001648909191483829,0.7604812665492277
405,0.0001076092982213408,0.0001649031372435856,0.7604635186786763
406,0.00010748098884732979,0.0001649419142113025,0.7604071916823653
407,0.00010739668297573372,0.00016491460626910398,0.7604468588985
408,0.00010730397395791776,0.00016484188905895768,0.7605524871172296
409,0.00010723455403270898,0.00016483675552233905,0.7605599440359936
410,0.00010712807425648456,0.000164853987461475,0.7605349131109551
411,0.00010701354347579166,0.00016483269579470566,0.76056584115165
412,0.00010689180398782844,0.00016486423587873202,0.7605200263728985
413,0.00010681432945901214,0.00016485504263854265,0.7605333803723657
414,0.0001066820022352103,0.00016483699920470643,0.7605595900656701
415,0.00010655347206499368,0.00016484844016642205,0.7605429710506647
416,0.00010647764497732391,0.00016489581095082873,0.7604741607708612
417,0.0001063544003945797,0.00016487891692503295,0.7604987008467028
418,0.00010628648020527418,0.00016486686003756396,0.7605162145486752
419,0.00010619490419593448,0.0001647791979103049,0.7606435515894361
420,0.00010603450607318921,0.0001648788760286352,0.7604987602523599
421,0.00010593081948468708,0.0001648584717342664,0.7605283993056771
422,0.00010576064111757272,0.0001649150157831848,0.7604462640428556
423,0.00010567515902565754,0.00016487513796534676,0.7605041901219307
424,0.00010549582298980947,0.00016483993385233033,0.7605553272288467
425,0.0001054569824349116,0.00016489340853039912,0.7604776505003229
426,0.0001053823040369717,0.00016487098097530051,0.760510228519897
427,0.00010530628245320613,0.00016483830606636978,0.7605576917328085
428,0.00010519724462165755,0.00016487572621845208,0.7605033356319475
429,0.00010509187406973181,0.00016488879622071411,0.7604843502905827
430,0.00010495928100535738,0.00016508385962483494,0.7602010033377067
431,0.00010488216963072595,0.00016507213773615817,0.7602180304241224
432,0.00010475452103470501,0.00016505878062560207,0.7602374328158337
433,0.00010466494427769716,0.00016502703394150024,0.76028354769958
434,0.00010459540709232597,0.00016509749038319294,0.7601812034482116
435,0.00010447398388383058,0.00016509516287580857,0.7601845843598086
436,0.00010440098517120127,0.00016509334196202993,0.7601872293991124
437,0.00010422127811645763,0.00016512633988928748,0.7601392969733363
438,0.00010409325090074261,0.00016515788035342132,0.7600934816424448
439,0.00010399035043543279,0.00016518229393802227,0.7600580187382848
440,0.00010390829123774876,0.00016519649337823784,0.7600373927877855
441,0.00010386055877942628,0.00016522159314966264,0.7600009331362012
442,0.00010375606082559748,0.00016515219298217278,0.7601017430552937
443,0.00010367791059982401,0.00016503308541641055,0.7602747573937614
444,0.0001036225095484135,0.0001650354266810145,0.7602713564985786
445,0.00010355185323151334,0.0001649939369325474,0.7603316240503355
446,0.00010347669455363411,0.00016499799535102402,0.7603257288363459
447,0.00010336248331663102,0.00016504599635118973,0.7602560031120704
448,0.00010327719690347437,0.00016505192713000275,0.7602473881280737
449,0.00010322578782875489,0.00016502903658003693,0.7602806386888937
450,0.00010321568905312594,0.00016504245698077254,0.7602611443625645
451,0.00010316775069698711,0.00016504491611461777,0.7602575722518198
452,0.00010306456873288922,0.00016505459658295674,0.7602435105101075
453,0.000103002897297416,0.0001650783517787878,0.7602090039742249
454,0.000102927057949317,0.00016511264753759763,0.760159186332627
455,0.00010277861050292454,0.00016516156812661402,0.7600881248237132
456,0.00010269953113257252,0.00016513106164428113,0.7601324382040264
457,0.00010264043152517714,0.0001651238374848056,0.7601429319385313
458,0.00010254620921795275,0.00016518965179440357,0.7600473307971267
459,0.00010251607048407342,0.00016518779956294742,0.760050021328144
460,0.00010238344638399837,0.00016518017317281502,0.760061099338472
461,0.00010227918912429538,0.0001651314760243704,0.7601318362800717
462,0.00010217203902600667,0.00016516132016318143,0.7600884850126649
463,0.000102118495389844,0.0001651300428806536,0.7601339180488536
464,0.00010207254903251294,0.00016504890351446618,0.7602517801987074
465,0.000101981287201444,0.000165287922526769,0.7599045838134055
466,0.00010194775651631567,0.00016532968687104605,0.7598439173867988
467,0.0001018403396473429,0.00016535069693978703,0.759813398392299
468,0.00010174385462869193,0.00016533987033695054,0.7598291249963616
469,0.00010169625637660802,0.0001653598160200509,0.7598001521167228
470,0.0001015966298495325,0.00016533077829234978,0.7598423320002312
471,0.0001015495586216536,0.0001653263970202698,0.75984869618781
472,0.00010143418270145445,0.000165427914595539,0.7597012328758396
473,0.00010133576209548702,0.00016539132823274998,0.7597543778235544
474,0.0001013112207961443,0.00016540865575918992,0.7597292080494507
475,0.0001012698858934516,0.00016540151507900335,0.7597395805228597
476,0.00010118816663918247,0.00016534359659214283,0.7598237122791012
477,0.00010098468480135761,0.0001652210002048584,0.7600017944412946
478,0.0001008977422019363,0.00016520460370281515,0.7600256118196117
479,0.00010084135243804428,0.0001652054000500589,0.7600244550543745
480,0.00010074874129595339,0.00016523975084007677,0.7599745574750498
481,0.00010063248048632089,0.00016520929762224806,0.7600187934839308
482,0.00010054476278042487,0.00016520643839735386,0.7600229467625277
483,0.00010044047797272572,0.0001651767712764662,0.7600660408956481
484,0.00010035755295260467,0.0001651661287812326,0.7600815000670341
485,0.00010023996677254922,0.00016522259552594445,0.7599994770954519
486,0.00010021294669450245,0.00016520638973219906,0.7600230174529956
487,0.00010015275925202301,0.00016520521094841512,0.7600247297413399
488,0.00010005517180195564,0.0001651821928934833,0.7600581655144695
489,9.990007457366936e-05,0.0001652653889704699,0.7599373158091562
490,9.986187650400128e-05,0.0001652451295230688,0.7599667444593633
491,9.972929836332057e-05,0.00016525229883276998,0.7599563303990365
492,9.964297817636065e-05,0.00016530199894590277,0.759884136561975
493,9.953867354373139e-05,0.00016528076176391948,0.7599149854586696
494,9.94390313476301e-05,0.00016525837743165393,0.7599475006932325
495,9.929392102270363e-05,0.00016529443598310988,0.759895122438448
496,9.924881549729434e-05,0.00016527344010691677,0.7599256208170091
497,9.915906537554283e-05,0.0001652224047307435,0.7599997542424599
498,9.911597035432128e-05,0.0001652177921758712,0.760006454388876
499,9.902184133482554e-05,0.00016529118614333406,0.7598998431199206
500,9.895536198184256e-05,0.00016533698287825709,0.7598333192870643
501,9.890661812585344e-05,0.00016535345100457963,0.7598093978681077
502,9.886630321662372e-05,0.00016533341311744857,0.7598385046823062
503,9.878331289044717e-05,0.00016537438810810187,0.7597789848620813
504,9.868024373747172e-05,0.00016530124399274197,0.7598852331986232
505,9.861844721964619e-05,0.00016529241676181068,0.7598980555370725
506,9.850569954179788e-05,0.00016525603057859837,0.7599509097061385
507,9.840087358112316e-05,0.00016521217859171577,0.760014608619406
508,9.828305489623896e-05,0.00016519788468066652,0.760035371797198
509,9.817253640939224e-05,0.00016513193259026126,0.7601311730774861
510,9.80752182795335e-05,0.0001652097612306559,0.7600181200514626
511,9.797185646320799e-05,0.00016527154527664917,0.7599283732265907
512,9.795720507923079e-05,0.0001652442258489135,0.7599680571264904
513,9.784145715854872e-05,0.00016527568725165532,0.7599223566393064
514,9.775353444079293e-05,0.0001652186677633345,0.7600051825201684
515,9.767379045250958e-05,0.0001652250035598304,0.7599959792119454
516,9.756072853159254e-05,0.00016519413186776263,0.7600408230918979
517,9.746965584674936e-05,0.00016519411514633907,0.7600408473812537
518,9.73626038333872e-05,0.00016519369089052036,0.7600414636505841
519,9.725846363236352e-05,0.00016517419307443166,0.7600697859635335
520,9.719288565453558e-05,0.0001651327747514877,0.7601299497633621
521,9.708356696252552e-05,0.0001650538746093332,0.7602445592410431
522,9.694510345716817e-05,0.0001649931080760276,0.7603328280381892
523,9.6882659696048e-05,0.00016503454273528677,0.760272640508409
524,9.683650784253501e-05,0.00016502435280958544,0.760287442282276
525,9.672630508273996e-05,0.0001650960311058163,0.7601833231784599
526,9.663817249084824e-05,0.0001651138770426849,0.760157400367076
527,9.657321612531117e-05,0.00016510490716695723,0.7601704299097858
528,9.653812237535822e-05,0.00016514463727902454,0.7601127183864869
529,9.640018650982337e-05,0.00016515303369566735,0.760100521844129
530,9.631724992513559e-05,0.0001651234429430885,0.7601435050454851
531,9.618940021285874e-05,0.00016502616255080385,0.7602848134721102
532,9.607273611129342e-05,0.00016503328401092665,0.760274468917554
533,9.59823365421765e-05,0.0001650727788591921,0.760217099135863
534,9.591807860042889e-05,0.00016511828583855908,0.7601509961987368
535,9.585931151370744e-05,0.00016521195936825708,0.760014927060988
536,9.579246186854457e-05,0.0001652161158191568,0.7600088894461801
537,9.570288703372345e-05,0.00016523522675665538,0.7599811291088105
538,9.559894601073282e-05,0.00016514309065620777,0.7601149649937597
539,9.557924160573847e-05,0.00016517136349922698,0.7600738961733178
540,9.548457215415355e-05,0.0001651690270759727,0.7600772900360093
541,9.546454447496386e-05,0.00016516784152085137,0.7600790121603238
542,9.53495584207841e-05,0.00016516458993967378,0.7600837353713374
543,9.5229300756009e-05,0.00016514373418051304,0.7601140302174401
544,9.515138794144977e-05,0.00016516676589017022,0.7600805746096069
545,9.508145887697768e-05,0.00016518211313424713,0.7600582813718577
546,9.500627739223196e-05,0.00016519162466875877,0.7600444650215628
547,9.493492754145687e-05,0.00016519459230625576,0.760040154264013
548,9.488953277730824e-05,0.00016517639693743277,0.7600665846564061
549,9.478888245872893e-05,0.000165220694701195,0.760002238212552
550,9.471430589181013e-05,0.00016532311426674747,0.7598534646794284
551,9.463007873536237e-05,0.0001652764941611986,0.7599211845313891
552,9.450660926451353e-05,0.00016523372170205907,0.7599833153345442
553,9.448420868851097e-05,0.0001652509053032318,0.7599583546246989
554,9.441599745633261e-05,0.00016526146640868288,0.7599430136792147
555,9.438221047883681e-05,0.0001652312040366791,0.7599869724675518
556,9.426797771192655e-05,0.00016530752669332161,0.7598761070169434
557,9.417400911606958e-05,0.00016527016241209793,0.7599303819604104
558,9.410800440544635e-05,0.00016529917406562765,0.7598882399519563
559,9.40123973244887e-05,0.00016530973711823764,0.7598728961780505
560,9.394932125298194e-05,0.00016533361028268077,0.759838218282261
561,9.389362901952735e-05,0.00016535354054315654,0.7598092678053568
562,9.382607601432066e-05,0.00016534350294144644,0.7598238483150714
563,9.3669431891147e-05,0.00016542867096528652,0.7597001341814731
564,9.35990193944986e-05,0.00016539036170509783,0.759755781790979
565,9.352179590154026e-05,0.00016541180577418676,0.7597246323723528
566,9.349025295266244e-05,0.00016541382748518942,0.7597216956572125
567,9.344542057508417e-05,0.00016541471607774415,0.7597204048974523
568,9.3395223438937e-05,0.0001654111536342997,0.7597255796635717
569,9.330171283772175e-05,0.00016538522492983308,0.7597632434141647
570,9.318675068732933e-05,0.00016528092516305586,0.7599147481068835
571,9.312844164137112e-05,0.00016530290917595933,0.7598828143718179
572,9.309493496372471e-05,0.0001653112518583519,0.7598706958832403
573,9.304086891554588e-05,0.00016527186686499473,0.7599279060909012
574,9.296106005356457e-05,0.00016527648278415023,0.7599212010575643
575,9.288703177640118e-05,0.0001652319568118669,0.7599858789946032
576,9.279356697112588e-05,0.0001652623895383937,0.7599416727511618
577,9.267062957563642e-05,0.0001652700941456324,0.7599304811235266
578,9.260154125308524e-05,0.00016522631072444144,0.7599940804390253
579,9.254640342754451e-05,0.00016526373552648322,0.7599397175836844
580,9.24399253698504e-05,0.0001652375917255997,0.7599776937809641
581,9.23604924014223e-05,0.00016522083143030201,0.7600020396013567
582,9.225775574046521e-05,0.0001652574588769568,0.7599488349756708
583,9.223902364816646e-05,0.00016528080725846137,0.7599149193737991
584,9.220257027852878e-05,0.0001653186001119955,0.7598600218909133
585,9.20819349736758e-05,0.00016533675963899426,0.7598336435619593
586,9.197802079532184e-05,0.0001653136388787264,0.7598672285237291
587,9.183794839048005e-05,0.00016525524248491846,0.7599520544823398
588,9.17797089760795e-05,0.00016529325026228012,0.7598968448034686
589,9.167797449484353e-05,0.00016533902683365834,0.7598303502599556
590,9.15534309614393e-05,0.00016526149785371796,0.7599429680025029
591,9.146810000932625e-05,0.00016527927345071663,0.7599171473660395
592,9.139734456576666e-05,0.00016528666812861954,0.7599064059383446
593,9.135213650461753e-05,0.00016528231969366113,0.7599127224270822
594,9.131571483767063e-05,0.00016528948643750277,0.7599023120938948
595,9.124653137867233e-05,0.00016532471866830488,0.759851134143393
596,9.117568177332561e-05,0.00016533758934244208,0.7598324383438673
597,9.109742854642804e-05,0.00016537764995663652,0.7597742467368178
598,9.103851591922527e-05,0.000165338310250102,0.7598313911613388
599,9.095825170416648e-05,0.00016538729868017705,0.7597602311072502
600,9.089727916581635e-05,0.0001653763866406319,0.7597760818157351
