model,iteration,train_logloss
Logistic Regression,1,0.6931471805599453
Logistic Regression,2,0.6409781960475833
Logistic Regression,3,0.6095733529569661
Logistic Regression,4,0.5847659505946387
Logistic Regression,5,0.5648910192312265
Logistic Regression,6,0.5488686287544655
Logistic Regression,7,0.535851857245407
Logistic Regression,8,0.5251886451306895
Logistic Regression,9,0.5163815759003785
Logistic Regression,10,0.5090507855341864
Logistic Regression,11,0.502904481064641
Logistic Regression,12,0.4977167583899549
Logistic Regression,13,0.49331121743599077
Logistic Regression,14,0.4895489055986541
Logistic Regression,15,0.4863194228830978
Logistic Regression,16,0.4835343225702471
Logistic Regression,17,0.4811221801728391
Logistic Regression,18,0.47902488022495915
Logistic Regression,19,0.4771947976118392
Logistic Regression,20,0.47559264065765394
Logistic Regression,21,0.4741857874666714
Logistic Regression,22,0.4729469927539108
Logistic Regression,23,0.47185337509513076
Logistic Regression,24,0.4708856180289768
Logistic Regression,25,0.47002733545041514
Logistic Regression,26,0.46926456412522727
Logistic Regression,27,0.4685853552471055
Logistic Regression,28,0.46797944367754657
Logistic Regression,29,0.4674379785086821
Logistic Regression,30,0.466953302335782
Logistic Regression,31,0.4665187694525431
Logistic Regression,32,0.46612859532837986
Logistic Regression,33,0.465777731366863
Logistic Regression,34,0.465461760205268
Logistic Regression,35,0.46517680779028625
Logistic Regression,36,0.4649194692233953
Logistic Regression,37,0.4646867459625654
Logistic Regression,38,0.4644759924333999
Logistic Regression,39,0.46428487047143113
Logistic Regression,40,0.4641113103100952
Logistic Regression,41,0.46395347706260204
Logistic Regression,42,0.46380974183329843
Logistic Regression,43,0.4636786567450702
Logistic Regression,44,0.46355893329144643
Logistic Regression,45,0.46344942352129304
Logistic Regression,46,0.46334910364495163
Logistic Regression,47,0.46325705971699643
Logistic Regression,48,0.4631724751053504
Logistic Regression,49,0.463094619501534
Logistic Regression,50,0.4630228392641704
Logistic Regression,51,0.4629565489189229
Logistic Regression,52,0.46289522366397795
Logistic Regression,53,0.4628383927519212
Logistic Regression,54,0.462785633637118
Logistic Regression,55,0.4627365667931327
Logistic Regression,56,0.4626908511177614
Logistic Regression,57,0.46264817985433665
Logistic Regression,58,0.46260827696739665
Logistic Regression,59,0.4625708939188746
Logistic Regression,60,0.4625358067978718
Logistic Regression,61,0.46250281376301194
Logistic Regression,62,0.4624717327614893
Logistic Regression,63,0.46244239949334004
Logistic Regression,64,0.4624146655932889
Logistic Regression,65,0.4623883970058452
Logistic Regression,66,0.46236347253220844
Logistic Regression,67,0.46233978253006275
Logistic Regression,68,0.4623172277495355
Logistic Regression,69,0.46229571829052674
Logistic Regression,70,0.4622751726682934
Logistic Regression,71,0.4622555169756677
Logistic Regression,72,0.4622366841315804
Logistic Regression,73,0.4622186132067194
Logistic Regression,74,0.4622012488181595
Logistic Regression,75,0.46218454058570146
Logistic Regression,76,0.4621684426434472
Logistic Regression,77,0.4621529132008404
Logistic Regression,78,0.462137914148024
Logistic Regression,79,0.46212341070092094
Logistic Regression,80,0.4621093710819291
Logistic Regression,81,0.4620957662325647
Logistic Regression,82,0.4620825695547704
Logistic Regression,83,0.46206975667795486
Logistic Regression,84,0.46205730524913546
Logistic Regression,85,0.46204519474383127
Logistic Regression,86,0.4620334062955994
Logistic Regression,87,0.4620219225423263
Logistic Regression,88,0.46201072748758143
Logistic Regression,89,0.4619998063755131
Logistic Regression,90,0.4619891455779285
Logistic Regression,91,0.461978732492331
Logistic Regression,92,0.461968555449823
Logistic Regression,93,0.4619586036318853
Logistic Regression,94,0.46194886699515114
Logistic Regression,95,0.46193933620337957
Logistic Regression,96,0.46193000256591454
Logistic Regression,97,0.461920857981988
Logistic Regression,98,0.46191189489029066
Logistic Regression,99,0.46190310622329145
Logistic Regression,100,0.46189448536583894
Logistic Regression,101,0.4618860261176268
Logistic Regression,102,0.4618777226591442
Logistic Regression,103,0.4618695695207718
Logistic Regression,104,0.46186156155471814
Logistic Regression,105,0.46185369390952097
Logistic Regression,106,0.46184596200686506
Logistic Regression,107,0.46183836152049323
Logistic Regression,108,0.4618308883570116
Logistic Regression,109,0.4618235386384034
Logistic Regression,110,0.46181630868609325
Logistic Regression,111,0.4618091950064095
Logistic Regression,112,0.4618021942773165
Logistic Regression,113,0.4617953033362939
Logistic Regression,114,0.4617885191692556
Logistic Regression,115,0.4617818389004122
Gradient Boosting,1,0.4936441899236435
Gradient Boosting,2,0.49096556749108533
Gradient Boosting,3,0.48855938566158513
Gradient Boosting,4,0.4863592227572586
Gradient Boosting,5,0.48435959311266386
Gradient Boosting,6,0.4825350941933334
Gradient Boosting,7,0.4807551949634352
Gradient Boosting,8,0.4791799360833625
Gradient Boosting,9,0.47766130426677234
Gradient Boosting,10,0.47641429527075485
Gradient Boosting,11,0.4750420817470646
Gradient Boosting,12,0.47372382387821227
Gradient Boosting,13,0.47261279161277814
Gradient Boosting,14,0.47168937676576467
Gradient Boosting,15,0.4707470539763305
Gradient Boosting,16,0.46970019610350794
Gradient Boosting,17,0.468818973117485
Gradient Boosting,18,0.46798805835182455
Gradient Boosting,19,0.46717053900399025
Gradient Boosting,20,0.4663053314541639
Gradient Boosting,21,0.4655733831410707
Gradient Boosting,22,0.46493870166798545
Gradient Boosting,23,0.4642043890875273
Gradient Boosting,24,0.46335872137256423
Gradient Boosting,25,0.4627346479597075
Gradient Boosting,26,0.4621958148809729
Gradient Boosting,27,0.4616819338315267
Gradient Boosting,28,0.4610965485419017
Gradient Boosting,29,0.4603720814564106
Gradient Boosting,30,0.45978522370160974
Gradient Boosting,31,0.459224331717964
Gradient Boosting,32,0.4587287543090729
Gradient Boosting,33,0.4583225914895218
Gradient Boosting,34,0.4578546913398665
Gradient Boosting,35,0.4573873161277469
Gradient Boosting,36,0.4570036569655578
Gradient Boosting,37,0.4566041967311373
Gradient Boosting,38,0.45621569539626317
Gradient Boosting,39,0.45589676348238706
Gradient Boosting,40,0.4555787051908498
Gradient Boosting,41,0.4551911054790566
Gradient Boosting,42,0.45481231516027376
Gradient Boosting,43,0.45446846347733444
Gradient Boosting,44,0.4539748959509449
Gradient Boosting,45,0.4536448249544226
Gradient Boosting,46,0.45336603230966294
Gradient Boosting,47,0.45305160871296113
Gradient Boosting,48,0.4526707358873339
Gradient Boosting,49,0.45237020231318137
Gradient Boosting,50,0.4520222584139665
Gradient Boosting,51,0.45176236544994586
Gradient Boosting,52,0.45149174647633317
Gradient Boosting,53,0.4512310690237883
Gradient Boosting,54,0.45101857931872813
Gradient Boosting,55,0.45069492323910937
Gradient Boosting,56,0.45045850947232274
Gradient Boosting,57,0.45013130728868855
Gradient Boosting,58,0.44983460615507664
Gradient Boosting,59,0.4495836813408833
Gradient Boosting,60,0.44932324325784007
Gradient Boosting,61,0.4491243216100387
Gradient Boosting,62,0.44884870241827945
Gradient Boosting,63,0.4485979938346983
Gradient Boosting,64,0.4484014191406275
Gradient Boosting,65,0.44819147767102147
Gradient Boosting,66,0.4479940775966219
Gradient Boosting,67,0.4477656870529812
Gradient Boosting,68,0.44760447306464557
Gradient Boosting,69,0.4474578378098337
Gradient Boosting,70,0.44725660047775145
Gradient Boosting,71,0.4470507355354256
Gradient Boosting,72,0.44679328346427827
Gradient Boosting,73,0.44667643619565445
Gradient Boosting,74,0.4464501067841435
Gradient Boosting,75,0.44625967029465097
Gradient Boosting,76,0.44597105045335184
Gradient Boosting,77,0.44578379197454077
Gradient Boosting,78,0.4455886576670871
Gradient Boosting,79,0.4454167185217546
Gradient Boosting,80,0.44527812788093474
Gradient Boosting,81,0.4450816998268128
Gradient Boosting,82,0.4448132991763006
Gradient Boosting,83,0.44453748544333227
Gradient Boosting,84,0.4442293199639589
Gradient Boosting,85,0.44383326115354843
Gradient Boosting,86,0.443623469860968
Gradient Boosting,87,0.4434640083057227
Gradient Boosting,88,0.44326336291980795
Gradient Boosting,89,0.4430549513290357
Gradient Boosting,90,0.44285928991241574
Gradient Boosting,91,0.44264953877388874
Gradient Boosting,92,0.44241370742077507
Gradient Boosting,93,0.44216694474886353
Gradient Boosting,94,0.4419865347231248
Gradient Boosting,95,0.44183434001573885
Gradient Boosting,96,0.4415766177729852
Gradient Boosting,97,0.4414470872242277
Gradient Boosting,98,0.44124485569029326
Gradient Boosting,99,0.44102361932914225
Gradient Boosting,100,0.4408257730203282
Gradient Boosting,101,0.4406456347214116
Gradient Boosting,102,0.4405339960866467
Gradient Boosting,103,0.44038839072752684
Gradient Boosting,104,0.4402055340824392
Gradient Boosting,105,0.44000162484778965
Gradient Boosting,106,0.4398269918133263
Gradient Boosting,107,0.4397099618054162
Gradient Boosting,108,0.43947032516233925
Gradient Boosting,109,0.4393218307934534
Gradient Boosting,110,0.4391842637817376
Gradient Boosting,111,0.4389958020199074
Gradient Boosting,112,0.4388506889886181
Gradient Boosting,113,0.43868343628889384
Gradient Boosting,114,0.4385476640513169
Gradient Boosting,115,0.4384593355127779
Gradient Boosting,116,0.43825616528251554
Gradient Boosting,117,0.4381262505068407
Gradient Boosting,118,0.4379855794559068
Gradient Boosting,119,0.437872002550354
Gradient Boosting,120,0.43774214565359965
Gradient Boosting,121,0.43760109509169126
Gradient Boosting,122,0.4374319974962184
Gradient Boosting,123,0.4373063100952883
Gradient Boosting,124,0.4371822077657182
Gradient Boosting,125,0.43706103116898637
Gradient Boosting,126,0.4369326623291913
Gradient Boosting,127,0.4367896326698568
Gradient Boosting,128,0.43665469532600254
Gradient Boosting,129,0.43649064379152697
Gradient Boosting,130,0.43635947621715765
Gradient Boosting,131,0.4361525068717694
Gradient Boosting,132,0.43594465616951994
Gradient Boosting,133,0.4358129074580889
Gradient Boosting,134,0.43569414474583706
Gradient Boosting,135,0.43554487345744847
Gradient Boosting,136,0.4353783828231944
Gradient Boosting,137,0.4352554867609457
Gradient Boosting,138,0.43504410939010735
Gradient Boosting,139,0.4348277126156152
Gradient Boosting,140,0.43462687763660146
Gradient Boosting,141,0.4344676455005293
Gradient Boosting,142,0.4343317924893429
Gradient Boosting,143,0.4341671917814042
Gradient Boosting,144,0.4340643188315888
Gradient Boosting,145,0.43394525692612174
Gradient Boosting,146,0.4338156994173795
Gradient Boosting,147,0.4336860389834826
Gradient Boosting,148,0.4336061665311478
Gradient Boosting,149,0.43349113188189653
Gradient Boosting,150,0.4333562070147504
Gradient Boosting,151,0.4332419961810396
Gradient Boosting,152,0.4330911523777685
Gradient Boosting,153,0.4329700916699451
Gradient Boosting,154,0.432809343048311
Gradient Boosting,155,0.43272185285397663
Gradient Boosting,156,0.4326324359338854
Gradient Boosting,157,0.4325054689286956
Gradient Boosting,158,0.43236449093511975
Gradient Boosting,159,0.43222856226286993
Gradient Boosting,160,0.43208233087893255
Gradient Boosting,161,0.43190854716745863
Gradient Boosting,162,0.43182804034725236
Gradient Boosting,163,0.43164681783821124
Gradient Boosting,164,0.4314053776850841
XGBoost,1,0.4935160210732769
XGBoost,2,0.4907317355249917
XGBoost,3,0.48861220103291453
XGBoost,4,0.48622368024862916
XGBoost,5,0.48431223861397377
XGBoost,6,0.4825876972876483
XGBoost,7,0.48071069971063174
XGBoost,8,0.4790922468541549
XGBoost,9,0.47761203496372945
XGBoost,10,0.47626232675921676
XGBoost,11,0.47495201461734854
XGBoost,12,0.47371792794029804
XGBoost,13,0.47257314774613757
XGBoost,14,0.47139363394048006
XGBoost,15,0.47034118873823066
XGBoost,16,0.4693652862257042
XGBoost,17,0.4682877949317053
XGBoost,18,0.4673127184336269
XGBoost,19,0.4661996421229042
XGBoost,20,0.4651488625475998
XGBoost,21,0.46449213577056697
XGBoost,22,0.4635772443027435
XGBoost,23,0.4629733621056367
XGBoost,24,0.46214734302555116
XGBoost,25,0.46139463822647897
XGBoost,26,0.4606771490486288
XGBoost,27,0.4601947663259121
XGBoost,28,0.45963454933696674
XGBoost,29,0.458804879828171
XGBoost,30,0.4579506914351129
XGBoost,31,0.45704520712352575
XGBoost,32,0.45650817775225966
XGBoost,33,0.4559615067173552
XGBoost,34,0.4553380614318692
XGBoost,35,0.45467336683598303
XGBoost,36,0.45431725897199177
XGBoost,37,0.4537017615306675
XGBoost,38,0.45312753586411947
XGBoost,39,0.45254915921422606
XGBoost,40,0.45192802166547796
XGBoost,41,0.45155359311370813
XGBoost,42,0.45112273735572006
XGBoost,43,0.4507753378392628
XGBoost,44,0.450336156613763
XGBoost,45,0.4501020898914561
XGBoost,46,0.4496668784271306
XGBoost,47,0.44934692716424535
XGBoost,48,0.4491320807877306
XGBoost,49,0.4486715282434703
XGBoost,50,0.4482396293832582
XGBoost,51,0.44780823975713324
XGBoost,52,0.44761941085840307
XGBoost,53,0.4474085459275745
XGBoost,54,0.4472168314420515
XGBoost,55,0.44673868516436577
XGBoost,56,0.4462699503041259
XGBoost,57,0.44553298984789924
XGBoost,58,0.44501608505290435
XGBoost,59,0.4446484287391775
XGBoost,60,0.4445108600122007
XGBoost,61,0.44408388282756406
XGBoost,62,0.44359713515610116
XGBoost,63,0.4428626546723599
XGBoost,64,0.44278962909358727
XGBoost,65,0.4423470945921185
XGBoost,66,0.44201423115032706
XGBoost,67,0.4416159076095238
XGBoost,68,0.44146238892264433
XGBoost,69,0.4410795752201242
XGBoost,70,0.4407133295956838
XGBoost,71,0.44018070968638845
XGBoost,72,0.4397944999987415
XGBoost,73,0.43972406458621305
XGBoost,74,0.43933792375037933
XGBoost,75,0.4389040850523793
XGBoost,76,0.4385717389925903
XGBoost,77,0.43804593056365215
XGBoost,78,0.4376129485473391
XGBoost,79,0.43722125742445705
XGBoost,80,0.4369481295356848
XGBoost,81,0.4367179473698874
XGBoost,82,0.43638042528147314
XGBoost,83,0.43602477246635957
XGBoost,84,0.4357656389013849
XGBoost,85,0.43550849663754043
XGBoost,86,0.43540506715363647
XGBoost,87,0.4352239628861361
XGBoost,88,0.4348384959334086
XGBoost,89,0.4347022902914143
XGBoost,90,0.43429010850151367
XGBoost,91,0.4337622456612778
XGBoost,92,0.43317942798630676
XGBoost,93,0.43286786792575255
XGBoost,94,0.432452230198447
XGBoost,95,0.43215988308636527
XGBoost,96,0.43194029953781216
XGBoost,97,0.4317159293337652
XGBoost,98,0.43124590345995034
XGBoost,99,0.4311480898766173
XGBoost,100,0.4309758295871334
XGBoost,101,0.43070354389519205
XGBoost,102,0.4305057038262606
XGBoost,103,0.4302531535025706
XGBoost,104,0.4298783745772075
XGBoost,105,0.4296197326163261
XGBoost,106,0.4294765835824587
XGBoost,107,0.42909444435353666
XGBoost,108,0.42866076375492373
XGBoost,109,0.42840540131432153
XGBoost,110,0.427774602804793
XGBoost,111,0.42729028355938686
XGBoost,112,0.42711938020070284
XGBoost,113,0.4266727316216825
XGBoost,114,0.4266331135407801
XGBoost,115,0.42642374236154906
XGBoost,116,0.42610512025273295
XGBoost,117,0.4257149636107305
XGBoost,118,0.42548066163802933
XGBoost,119,0.4250361674252753
XGBoost,120,0.424981174717438
XGBoost,121,0.42434426621971927
XGBoost,122,0.42398128334561136
XGBoost,123,0.4237432549882511
XGBoost,124,0.4234163009205924
XGBoost,125,0.42285175344402426
XGBoost,126,0.42269924255284974
XGBoost,127,0.42219637222526424
XGBoost,128,0.42203162487273754
XGBoost,129,0.42168394996274255
XGBoost,130,0.42126098314854066
XGBoost,131,0.42109270436598295
XGBoost,132,0.4206188934364574
XGBoost,133,0.4205040262417494
XGBoost,134,0.420061320759524
XGBoost,135,0.41994686595298397
XGBoost,136,0.41966412865810493
XGBoost,137,0.4194579703795016
XGBoost,138,0.4190762002054354
XGBoost,139,0.4188109509475816
XGBoost,140,0.4184180399264418
XGBoost,141,0.4182139268912198
XGBoost,142,0.41813624167908336
XGBoost,143,0.4178251258211333
XGBoost,144,0.4175705509291652
XGBoost,145,0.4173503952153978
XGBoost,146,0.4171594673892635
XGBoost,147,0.4167808406075392
XGBoost,148,0.41656057686114434
XGBoost,149,0.41627694822703987
XGBoost,150,0.4159576158719474
XGBoost,151,0.41578094914840985
XGBoost,152,0.4157000406601306
XGBoost,153,0.4152195634014133
XGBoost,154,0.41461478053756223
XGBoost,155,0.41437916304508476
XGBoost,156,0.41401481393602124
XGBoost,157,0.41360021043203665
XGBoost,158,0.4134187380226618
XGBoost,159,0.41322310586332367
XGBoost,160,0.4130145033598145
XGBoost,161,0.4127627157589044
XGBoost,162,0.4127036109152365
XGBoost,163,0.4123795664850121
XGBoost,164,0.41203871165878986
XGBoost,165,0.412051489057005
XGBoost,166,0.4118053750160811
XGBoost,167,0.4115979580597988
XGBoost,168,0.41140113030000763
XGBoost,169,0.4112571613048025
XGBoost,170,0.4112601411726243
XGBoost,171,0.41097653616887486
XGBoost,172,0.41065823707042515
XGBoost,173,0.4104911103177786
XGBoost,174,0.41014718581074244
XGBoost,175,0.4099312093131996
SVC (linear),1,0.6859194389619483
SVC (linear),2,0.6793772207891337
SVC (linear),3,0.6735124856522317
SVC (linear),4,0.6683140645922411
SVC (linear),5,0.6638119129639872
SVC (linear),6,0.6599581833603658
SVC (linear),7,0.6566998500441835
SVC (linear),8,0.6541324139629721
SVC (linear),9,0.6522524948839962
SVC (linear),10,0.6508337671517632
SVC (linear),11,0.6497809493310457
SVC (linear),12,0.649057160988248
SVC (linear),13,0.6485763594675382
SVC (linear),14,0.6482698801925717
SVC (linear),15,0.6480949906316925
SVC (linear),16,0.6479898638598655
SVC (linear),17,0.6479335556791167
SVC (linear),18,0.6479102944077937
SVC (linear),19,0.6479117374134435
SVC (linear),20,0.6479224122566791
SVC (linear),21,0.6479230574616583
SVC (linear),22,0.6479313506323233
SVC (linear),23,0.6479170104456927
SVC (linear),24,0.6478869473121754
SVC (linear),25,0.6478499140707505
SVC (linear),26,0.6478060874840682
SVC (linear),27,0.647760549898733
SVC (linear),28,0.6477072710552488
SVC (linear),29,0.6476501770201675
SVC (linear),30,0.6475858236121094
SVC (linear),31,0.6475200211854591
SVC (linear),32,0.64745258818368
SVC (linear),33,0.6473828645006099
SVC (linear),34,0.6473135691423512
SVC (linear),35,0.6472430483532533
SVC (linear),36,0.6471793764957814
SVC (linear),37,0.6471119425465729
SVC (linear),38,0.6470422106709899
SVC (linear),39,0.646972140672475
SVC (linear),40,0.6469031482906705
SVC (linear),41,0.6468267764107448
SVC (linear),42,0.6467495874272408
SVC (linear),43,0.6466716144163965
SVC (linear),44,0.6465933562229218
SVC (linear),45,0.6465156652211418
SVC (linear),46,0.6464380560648009
SVC (linear),47,0.6463603078485911
SVC (linear),48,0.6462877255835705
SVC (linear),49,0.6462180717991647
SVC (linear),50,0.6461473900078095
SVC (linear),51,0.6460751991604585
SVC (linear),52,0.6459983558313664
SVC (linear),53,0.6459263905981301
SVC (linear),54,0.6458547860225541
SVC (linear),55,0.6457898728471779
SVC (linear),56,0.6457249065718168
SVC (linear),57,0.6456563668912929
SVC (linear),58,0.645593063250957
SVC (linear),59,0.6455319185321072
SVC (linear),60,0.6454708537904733
SVC (linear),61,0.645412031314299
SVC (linear),62,0.6453549484285136
SVC (linear),63,0.6453092689634911
SVC (linear),64,0.6452536957015087
SVC (linear),65,0.6452037061185641
SVC (linear),66,0.6451522866302536
SVC (linear),67,0.6450950809381466
SVC (linear),68,0.6450459858612998
SVC (linear),69,0.6449979256998734
SVC (linear),70,0.6449613373941938
SVC (linear),71,0.6449195058306146
SVC (linear),72,0.6448840921933292
SVC (linear),73,0.6448456752814478
SVC (linear),74,0.6448167233231741
SVC (linear),75,0.6447843093180501
SVC (linear),76,0.6447543224184751
SVC (linear),77,0.6447220691049381
SVC (linear),78,0.644686155845926
SVC (linear),79,0.6446586855470673
SVC (linear),80,0.6446216942430336
SVC (linear),81,0.6445846179835398
SVC (linear),82,0.6445586874553879
SVC (linear),83,0.6445269230740336
SVC (linear),84,0.6444959350779753
SVC (linear),85,0.6444671857802129
SVC (linear),86,0.6444340308885076
SVC (linear),87,0.6444123260925259
SVC (linear),88,0.6443802103016899
SVC (linear),89,0.6443484760312742
SVC (linear),90,0.6443298747914112
SVC (linear),91,0.6443005566403415
SVC (linear),92,0.6442718026881287
SVC (linear),93,0.6442501285498683
SVC (linear),94,0.644222238086272
SVC (linear),95,0.6442036646386565
SVC (linear),96,0.6441807173592903
SVC (linear),97,0.6441624419576103
SVC (linear),98,0.6441410469058029
SVC (linear),99,0.6441227600605265
SVC (linear),100,0.6441046594252595
SVC (linear),101,0.644090373879793
SVC (linear),102,0.6440797762071165
SVC (linear),103,0.6440665113151559
SVC (linear),104,0.6440633267148375
SVC (linear),105,0.6440536203382285
SVC (linear),106,0.644043712208961
SVC (linear),107,0.6440350234480744
SVC (linear),108,0.6440258474866171
SVC (linear),109,0.6440163914096367
SVC (linear),110,0.6440019705561678
SVC (linear),111,0.643990302956657
SVC (linear),112,0.6439824572910341
SVC (linear),113,0.6439678037541849
SVC (linear),114,0.6439596506162861
SVC (linear),115,0.6439448880974912
SVC (linear),116,0.6439321123483093
SVC (linear),117,0.6439237497508448
SVC (linear),118,0.6439173615637827
SVC (linear),119,0.6439108363076845
SVC (linear),120,0.6439005297409783
SVC (linear),121,0.6438932597915257
SVC (linear),122,0.6438834211545266
SVC (linear),123,0.6438727565740338
SVC (linear),124,0.6438626356026236
SVC (linear),125,0.6438560896104941
SVC (linear),126,0.6438470359105118
SVC (linear),127,0.643841463828492
SVC (linear),128,0.6438359625071393
SVC (linear),129,0.6438234534267249
SVC (linear),130,0.643818929871075
SVC (linear),131,0.643813255135539
SVC (linear),132,0.6438050305147911
SVC (linear),133,0.6438019913085524
SVC (linear),134,0.6437984968780643
SVC (linear),135,0.6437914642763173
SVC (linear),136,0.6437871208460819
SVC (linear),137,0.6437847261592159
SVC (linear),138,0.643786227950024
SVC (linear),139,0.6437814140327023
SVC (linear),140,0.6437830837687629
SVC (linear),141,0.6437787714834299
SVC (linear),142,0.6437811378995875
SVC (linear),143,0.6437767854965895
SVC (linear),144,0.6437753771721743
SVC (linear),145,0.6437741847427649
SVC (linear),146,0.643773207510272
SVC (linear),147,0.6437674227403338
SVC (linear),148,0.6437652347459953
SVC (linear),149,0.643771445102083
SVC (linear),150,0.6437639859905422
SVC (linear),151,0.6437677686607026
SVC (linear),152,0.6437630409550738
SVC (linear),153,0.6437670155483852
SVC (linear),154,0.6437733872205592
SVC (linear),155,0.643769365756582
SVC (linear),156,0.643775566098996
SVC (linear),157,0.6437710783073157
SVC (linear),158,0.6437763966247385
SVC (linear),159,0.6437771102640947
SVC (linear),160,0.6437797020281144
SVC (linear),161,0.6437830798112633
SVC (linear),162,0.6437832891181633
SVC (linear),163,0.6437906513221402
SVC (linear),164,0.6437882060055452
SVC (linear),165,0.6437958455025342
SVC (linear),166,0.6437919586031156
SVC (linear),167,0.64379812867261
SVC (linear),168,0.6437941383060335
SVC (linear),169,0.6438007275430374
SVC (linear),170,0.6437968037906554
SVC (linear),171,0.6438025061233673
SVC (linear),172,0.643806153539998
SVC (linear),173,0.6438081731202759
SVC (linear),174,0.6438130136203597
SVC (linear),175,0.6438164851035953
SVC (linear),176,0.6438177797176523
SVC (linear),177,0.6438227579693925
SVC (linear),178,0.6438207451818275
SVC (linear),179,0.6438201129581445
SVC (linear),180,0.643824576238468
SVC (linear),181,0.6438291476585694
SVC (linear),182,0.643833764764539
SVC (linear),183,0.643834629616191
SVC (linear),184,0.6438389634530396
SVC (linear),185,0.6438342220410807
SVC (linear),186,0.6438381432729318
SVC (linear),187,0.643841791739304
SVC (linear),188,0.643844634646941
SVC (linear),189,0.6438439653713764
SVC (linear),190,0.6438493571316932
SVC (linear),191,0.643847963147871
SVC (linear),192,0.6438563441719775
SVC (linear),193,0.6438574630429732
SVC (linear),194,0.6438590995846343
SVC (linear),195,0.6438678762998117
SVC (linear),196,0.6438612584640339
SVC (linear),197,0.6438698312800892
SVC (linear),198,0.6438746638151897
SVC (linear),199,0.643879651490875
SVC (linear),200,0.6438840229843924
SVC (linear),201,0.6438846112076776
SVC (linear),202,0.6438891054469918
SVC (linear),203,0.6438933103159977
SVC (linear),204,0.6438929830069234
SVC (linear),205,0.6439003168269233
SVC (linear),206,0.6439074105225284
SVC (linear),207,0.6439002213305273
SVC (linear),208,0.6439072115297821
SVC (linear),209,0.6439138365429822
SVC (linear),210,0.6439205513259214
SVC (linear),211,0.6439167465389827
SVC (linear),212,0.6439243053529258
SVC (linear),213,0.6439319470657158
SVC (linear),214,0.6439316218188633
SVC (linear),215,0.6439424806800829
SVC (linear),216,0.6439428699811139
SVC (linear),217,0.6439540657674513
SVC (linear),218,0.6439515571524318
SVC (linear),219,0.6439631136915805
SVC (linear),220,0.6439649456745392
SVC (linear),221,0.6439666166798258
SVC (linear),222,0.6439713451487357
SVC (linear),223,0.643971502062101
SVC (linear),224,0.6439740885036446
SVC (linear),225,0.643977777540803
SVC (linear),226,0.6439763803045293
SVC (linear),227,0.6439828210551208
SVC (linear),228,0.6439893199487698
SVC (linear),229,0.6439895882417997
SVC (linear),230,0.6439962008020683
SVC (linear),231,0.6439964073646565
SVC (linear),232,0.6440026994347768
SVC (linear),233,0.643999447040291
SVC (linear),234,0.6440024978111324
SVC (linear),235,0.6440056076641281
SVC (linear),236,0.6440081735851059
SVC (linear),237,0.6440112150115876
SVC (linear),238,0.6440143138984381
SVC (linear),239,0.644017470084682
SVC (linear),240,0.6440203519158191
SVC (linear),241,0.6440230550452509
SVC (linear),242,0.6440258157134471
SVC (linear),243,0.6440286337620474
SVC (linear),244,0.6440313158943124
SVC (linear),245,0.6440331714947891
SVC (linear),246,0.6440324825058136
SVC (linear),247,0.6440411393087152
SVC (linear),248,0.64404984931231
SVC (linear),249,0.6440542955920665
SVC (linear),250,0.6440587834346547
SVC (linear),251,0.644060810591784
SVC (linear),252,0.6440694390879853
SVC (linear),253,0.6440735008716045
SVC (linear),254,0.6440776037918649
SVC (linear),255,0.6440898501604955
SVC (linear),256,0.6440892454929533
SVC (linear),257,0.644094624904503
SVC (linear),258,0.644100040438002
SVC (linear),259,0.6441095508373851
SVC (linear),260,0.6441114467267666
SVC (linear),261,0.6441164387659436
SVC (linear),262,0.6441255234670912
SVC (linear),263,0.6441239182206598
SVC (linear),264,0.6441330666788442
SVC (linear),265,0.6441309140394993
SVC (linear),266,0.6441399209602933
SVC (linear),267,0.6441413432405863
SVC (linear),268,0.6441428068689103
SVC (linear),269,0.6441553530339028
SVC (linear),270,0.6441564735907223
SVC (linear),271,0.6441612798616813
SVC (linear),272,0.6441732934563293
SVC (linear),273,0.6441706404321675
SVC (linear),274,0.6441750691400209
SVC (linear),275,0.6441866873762084
SVC (linear),276,0.6441873243514414
SVC (linear),277,0.644191850397579
SVC (linear),278,0.6441995286570605
SVC (linear),279,0.6442041196803135
SVC (linear),280,0.64421588279978
SVC (linear),281,0.6442107590253897
SVC (linear),282,0.6442198169342853
SVC (linear),283,0.6442214640643916
SVC (linear),284,0.6442231522826763
SVC (linear),285,0.6442317428816488
SVC (linear),286,0.6442304534451665
SVC (linear),287,0.6442359757564989
SVC (linear),288,0.6442342097860144
SVC (linear),289,0.644234847083072
SVC (linear),290,0.6442398003093858
SVC (linear),291,0.6442374100167838
SVC (linear),292,0.6442421670905902
SVC (linear),293,0.6442399076289402
SVC (linear),294,0.6442521643713943
SVC (linear),295,0.6442492616471658
SVC (linear),296,0.6442517993683571
SVC (linear),297,0.644260049304792
SVC (linear),298,0.644258751128617
SVC (linear),299,0.6442645003405935
SVC (linear),300,0.6442609558336101
SVC (linear),301,0.6442647769002599
SVC (linear),302,0.6442702780314647
SVC (linear),303,0.6442685639163562
SVC (linear),304,0.6442758412997978
SVC (linear),305,0.6442738917108148
SVC (linear),306,0.6442812069685332
SVC (linear),307,0.6442791223586739
SVC (linear),308,0.6442841334371935
SVC (linear),309,0.6442861435361728
SVC (linear),310,0.6442973766857456
SVC (linear),311,0.6442931600004088
SVC (linear),312,0.6442952496908563
SVC (linear),313,0.6442996045147739
SVC (linear),314,0.6443090401011821
SVC (linear),315,0.6443115789035501
SVC (linear),316,0.6443137005041343
SVC (linear),317,0.6443158491417463
SVC (linear),318,0.6443240664441753
SVC (linear),319,0.6443293034153348
SVC (linear),320,0.6443345597712625
SVC (linear),321,0.6443376424028546
SVC (linear),322,0.6443426761449302
SVC (linear),323,0.6443477290946463
SVC (linear),324,0.6443528011976084
SVC (linear),325,0.6443554818664932
SVC (linear),326,0.6443602526981865
SVC (linear),327,0.6443643475146971
SVC (linear),328,0.6443681296668495
SVC (linear),329,0.644369782236074
SVC (linear),330,0.6443733579620645
SVC (linear),331,0.6443788330667822
SVC (linear),332,0.64438191240599
SVC (linear),333,0.6443850114964594
SVC (linear),334,0.644388130287277
SVC (linear),335,0.6443891522582396
SVC (linear),336,0.6443975824170032
SVC (linear),337,0.6444007583497606
SVC (linear),338,0.6444070649151024
SVC (linear),339,0.644410277861579
SVC (linear),340,0.6444145243983725
SVC (linear),341,0.6444208808881383
SVC (linear),342,0.6444238487159853
SVC (linear),343,0.6444299347749878
SVC (linear),344,0.6444360375167844
SVC (linear),345,0.6444369946068054
SVC (linear),346,0.6444431296094743
SVC (linear),347,0.6444492811466698
SVC (linear),348,0.6444523592120672
SVC (linear),349,0.6444585414848665
SVC (linear),350,0.6444647401460565
SVC (linear),351,0.6444658365372495
SVC (linear),352,0.644471760211011
SVC (linear),353,0.644477700084506
SVC (linear),354,0.6444836561092986
SVC (linear),355,0.6444865535425126
SVC (linear),356,0.6444905315137823
SVC (linear),357,0.6444965352906674
SVC (linear),358,0.6445025550290346
SVC (linear),359,0.6445055250078038
SVC (linear),360,0.6445115746361137
SVC (linear),361,0.6445156580374803
SVC (linear),362,0.6445217407453736
SVC (linear),363,0.6445246253326532
SVC (linear),364,0.6445305805492436
SVC (linear),365,0.6445365515384747
SVC (linear),366,0.6445394892988181
SVC (linear),367,0.6445546003966623
SVC (linear),368,0.6445556116841585
SVC (linear),369,0.6445585946806235
SVC (linear),370,0.644570714085693
SVC (linear),371,0.6445737225555066
SVC (linear),372,0.6445767501259507
SVC (linear),373,0.644588923903282
SVC (linear),374,0.6445886739416441
SVC (linear),375,0.644600889786766
SVC (linear),376,0.6445975906136259
SVC (linear),377,0.644609557028721
SVC (linear),378,0.6446062959276493
SVC (linear),379,0.644616419382427
SVC (linear),380,0.6446143963745219
SVC (linear),381,0.6446226376360914
SVC (linear),382,0.6446203306708537
SVC (linear),383,0.6446303254985064
SVC (linear),384,0.6446255286243254
SVC (linear),385,0.6446381040176848
SVC (linear),386,0.6446331133040042
SVC (linear),387,0.6446421227155834
SVC (linear),388,0.6446481592213846
SVC (linear),389,0.6446432134897051
SVC (linear),390,0.6446512640261207
SVC (linear),391,0.644657333286818
SVC (linear),392,0.6446524366209119
SVC (linear),393,0.6446635000727741
SVC (linear),394,0.644657552214602
SVC (linear),395,0.6446667702142502
SVC (linear),396,0.6446717241472678
SVC (linear),397,0.6446654901977437
SVC (linear),398,0.6446764975377297
SVC (linear),399,0.6446789403658053
SVC (linear),400,0.6446724660997648
SVC (linear),401,0.644686206588584
SVC (linear),402,0.6446888387653975
SVC (linear),403,0.6446843593594315
SVC (linear),404,0.6446919204030013
SVC (linear),405,0.644694585318058
SVC (linear),406,0.6446898860330997
SVC (linear),407,0.6447004194478839
SVC (linear),408,0.6447006623060173
SVC (linear),409,0.6447052751191173
SVC (linear),410,0.6447006130987378
SVC (linear),411,0.6447098280853784
SVC (linear),412,0.6447142268430557
SVC (linear),413,0.6447085072807044
SVC (linear),414,0.6447195073661384
SVC (linear),415,0.6447208956552865
SVC (linear),416,0.6447260065096238
SVC (linear),417,0.6447181790626567
SVC (linear),418,0.6447291759731837
SVC (linear),419,0.6447333726494165
SVC (linear),420,0.6447272714774432
SVC (linear),421,0.6447380239367027
SVC (linear),422,0.6447419697932223
SVC (linear),423,0.6447376560846255
SVC (linear),424,0.6447466585562118
SVC (linear),425,0.6447528674257066
SVC (linear),426,0.6447465547662083
SVC (linear),427,0.6447567744019442
SVC (linear),428,0.644757101507778
SVC (linear),429,0.644761531495997
SVC (linear),430,0.6447552710756033
SVC (linear),431,0.6447684502079831
SVC (linear),432,0.6447692629403348
SVC (linear),433,0.6447657857711537
SVC (linear),434,0.6447743214362045
SVC (linear),435,0.6447827022559919
SVC (linear),436,0.6447743832980295
SVC (linear),437,0.6447846416709799
SVC (linear),438,0.6447855102709205
SVC (linear),439,0.6447836837884927
SVC (linear),440,0.6447948945054629
SVC (linear),441,0.64479697011676
SVC (linear),442,0.6447882439894952
SVC (linear),443,0.6448015643333509
SVC (linear),444,0.6448017700676034
SVC (linear),445,0.6448030234188401
SVC (linear),446,0.6448096264715746
SVC (linear),447,0.6448121638064831
SVC (linear),448,0.6448076813174444
SVC (linear),449,0.6448188676516853
SVC (linear),450,0.644819572161927
SVC (linear),451,0.6448130829621368
SVC (linear),452,0.6448258534791871
SVC (linear),453,0.6448293813124961
SVC (linear),454,0.6448228356303277
SVC (linear),455,0.6448332065896534
SVC (linear),456,0.644835826149714
SVC (linear),457,0.6448309565903335
SVC (linear),458,0.6448435156619824
SVC (linear),459,0.6448437651206684
SVC (linear),460,0.6448368330325683
SVC (linear),461,0.6448491287403266
SVC (linear),462,0.6448538957929704
SVC (linear),463,0.6448481309993966
SVC (linear),464,0.6448573718073969
SVC (linear),465,0.6448572322517304
SVC (linear),466,0.6448629140656165
SVC (linear),467,0.6448506348280972
SVC (linear),468,0.6448640484507832
SVC (linear),469,0.6448669207508188
SVC (linear),470,0.6448560507921577
SVC (linear),471,0.6448640209648756
SVC (linear),472,0.6448712968681756
SVC (linear),473,0.6448583913784544
SVC (linear),474,0.6448708088279681
SVC (linear),475,0.6448720930668573
SVC (linear),476,0.6448711387860097
SVC (linear),477,0.6448666160006822
SVC (linear),478,0.6448738637931
SVC (linear),479,0.644872386178668
SVC (linear),480,0.6448766233814334
SVC (linear),481,0.6448674593566966
SVC (linear),482,0.6448733547297808
SVC (linear),483,0.6448775147341298
SVC (linear),484,0.6448711669070694
SVC (linear),485,0.6448742534265838
SVC (linear),486,0.6448784093365025
SVC (linear),487,0.6448807769465248
SVC (linear),488,0.6448706111873004
SVC (linear),489,0.6448826571839561
SVC (linear),490,0.6448850287394553
SVC (linear),491,0.644873221137051
SVC (linear),492,0.6448825666675192
SVC (linear),493,0.6448840924851795
SVC (linear),494,0.6448862488357303
SVC (linear),495,0.6448775981673058
SVC (linear),496,0.6448843011822047
SVC (linear),497,0.6448854993185664
SVC (linear),498,0.6448872290910354
SVC (linear),499,0.6448811791341178
SVC (linear),500,0.6448876812285042
SVC (linear),501,0.6448856446087778
SVC (linear),502,0.644889144480347
SVC (linear),503,0.644881313414686
SVC (linear),504,0.6448894064948404
SVC (linear),505,0.6448900056047765
SVC (linear),506,0.6448847209742987
SVC (linear),507,0.6448882915815779
SVC (linear),508,0.64488981429429
SVC (linear),509,0.6448921811074142
SVC (linear),510,0.6448822654577742
SVC (linear),511,0.6448923710511563
SVC (linear),512,0.644892808312515
SVC (linear),513,0.6448941585213888
SVC (linear),514,0.6448836051456273
SVC (linear),515,0.6448894151335154
SVC (linear),516,0.6448943341699951
SVC (linear),517,0.6448956907095924
SVC (linear),518,0.6448834560389243
SVC (linear),519,0.6448925497216659
SVC (linear),520,0.6448953084049884
SVC (linear),521,0.6448966698258296
SVC (linear),522,0.6448844882779865
SVC (linear),523,0.6448935620655925
SVC (linear),524,0.6448963253449087
SVC (linear),525,0.6448888009036096
SVC (linear),526,0.6448945444178495
SVC (linear),527,0.6448957988848649
SVC (linear),528,0.644895925218473
SVC (linear),529,0.6448852800422119
SVC (linear),530,0.6448925767046357
SVC (linear),531,0.6448957050373219
SVC (linear),532,0.6448964574013033
SVC (linear),533,0.644884365206571
SVC (linear),534,0.6448922602230678
SVC (linear),535,0.644892705146755
SVC (linear),536,0.644894017801452
SVC (linear),537,0.6448855289289546
SVC (linear),538,0.6448912104853863
SVC (linear),539,0.6448914043623066
SVC (linear),540,0.6448919014216113
SVC (linear),541,0.6448834555316368
SVC (linear),542,0.6448910493639622
SVC (linear),543,0.644891254921065
SVC (linear),544,0.6448834504223212
SVC (linear),545,0.6448889600399667
SVC (linear),546,0.6448929018157813
SVC (linear),547,0.6448916762979992
SVC (linear),548,0.6448814798285673
SVC (linear),549,0.6448919403970427
SVC (linear),550,0.6448909504470155
SVC (linear),551,0.644883629235682
SVC (linear),552,0.6448871727886668
SVC (linear),553,0.6448913112971562
SVC (linear),554,0.6448899996475147
SVC (linear),555,0.6448827026704688
SVC (linear),556,0.6448909126479764
SVC (linear),557,0.6448901582142358
SVC (linear),558,0.6448834395282488
SVC (linear),559,0.6448893552320126
SVC (linear),560,0.6448904068905755
SVC (linear),561,0.6448894407190223
SVC (linear),562,0.6448820658170956
SVC (linear),563,0.6448856856203545
SVC (linear),564,0.6448885214484293
SVC (linear),565,0.644879568039057
SVC (linear),566,0.6448875665617866
SVC (linear),567,0.6448887439092086
SVC (linear),568,0.64487875719263
SVC (linear),569,0.6448841823287914
SVC (linear),570,0.6448831581530895
SVC (linear),571,0.644884336995155
SVC (linear),572,0.6448751937480334
SVC (linear),573,0.644883162360116
SVC (linear),574,0.644884085574519
SVC (linear),575,0.6448749693108673
SVC (linear),576,0.6448831497626315
SVC (linear),577,0.6448840749497748
SVC (linear),578,0.6448746008597565
SVC (linear),579,0.644881934462778
SVC (linear),580,0.644880546876222
SVC (linear),581,0.644882422721384
SVC (linear),582,0.644870254903903
SVC (linear),583,0.6448805608027389
SVC (linear),584,0.6448772229506531
SVC (linear),585,0.6448802438416923
SVC (linear),586,0.6448688874062366
SVC (linear),587,0.6448769281281527
SVC (linear),588,0.6448730712263372
SVC (linear),589,0.644868075352592
SVC (linear),590,0.6448739627412275
SVC (linear),591,0.6448753557288532
SVC (linear),592,0.6448633076556288
SVC (linear),593,0.6448736890722339
SVC (linear),594,0.6448709341364011
SVC (linear),595,0.6448715840883229
SVC (linear),596,0.6448622397391838
SVC (linear),597,0.644868173401189
SVC (linear),598,0.6448693320162318
SVC (linear),599,0.6448597303946877
SVC (linear),600,0.6448677207094252
SVC (linear),601,0.6448678287193634
SVC (linear),602,0.6448670073124239
SVC (linear),603,0.6448566843466089
SVC (linear),604,0.6448645957823277
SVC (linear),605,0.6448650724745623
SVC (linear),606,0.6448571678958492
SVC (linear),607,0.6448616695167674
SVC (linear),608,0.6448621643007472
SVC (linear),609,0.6448582844781945
SVC (linear),610,0.644864119164364
SVC (linear),611,0.6448613256402761
SVC (linear),612,0.644856499721645
SVC (linear),613,0.6448625419447593
SVC (linear),614,0.6448597623547133
SVC (linear),615,0.6448535946998565
SVC (linear),616,0.6448603356446639
SVC (linear),617,0.6448613315604929
SVC (linear),618,0.6448519389137478
SVC (linear),619,0.6448549637547949
SVC (linear),620,0.6448607667124087
SVC (linear),621,0.6448542352416139
SVC (linear),622,0.6448519788637759
SVC (linear),623,0.6448551857862206
SVC (linear),624,0.6448549303991185
SVC (linear),625,0.6448473365650652
SVC (linear),626,0.6448504096115732
SVC (linear),627,0.6448517210979194
SVC (linear),628,0.6448482152518186
SVC (linear),629,0.6448475011244583
SVC (linear),630,0.6448535919699557
SVC (linear),631,0.6448406462575615
SVC (linear),632,0.6448473394369422
SVC (linear),633,0.6448501687686059
SVC (linear),634,0.6448392644469185
SVC (linear),635,0.6448453129331304
SVC (linear),636,0.6448481395947802
SVC (linear),637,0.6448367761840185
SVC (linear),638,0.6448407553677769
SVC (linear),639,0.6448452003354987
SVC (linear),640,0.6448368478411296
SVC (linear),641,0.6448428745071993
SVC (linear),642,0.6448422160249591
SVC (linear),643,0.6448349609112826
SVC (linear),644,0.6448393815523836
SVC (linear),645,0.6448421993063557
SVC (linear),646,0.6448290085169167
SVC (linear),647,0.6448369768064117
SVC (linear),648,0.6448397902816216
SVC (linear),649,0.6448334459121674
SVC (linear),650,0.6448362527715237
SVC (linear),651,0.6448368768760289
SVC (linear),652,0.6448296813797798
SVC (linear),653,0.6448327352109434
SVC (linear),654,0.6448355442358048
SVC (linear),655,0.6448267837629206
SVC (linear),656,0.644829042595179
SVC (linear),657,0.6448335463853223
SVC (linear),658,0.6448231878335423
SVC (linear),659,0.644827675435032
SVC (linear),660,0.6448287110557942
SVC (linear),661,0.6448229993561209
SVC (linear),662,0.6448259072103061
SVC (linear),663,0.6448279301060209
SVC (linear),664,0.6448206781901211
SVC (linear),665,0.6448255354418267
SVC (linear),666,0.6448266929579966
SVC (linear),667,0.6448191084144905
SVC (linear),668,0.6448238211374866
SVC (linear),669,0.644817127806067
SVC (linear),670,0.6448236261195063
SVC (linear),671,0.6448235653498345
SVC (linear),672,0.6448163667668264
SVC (linear),673,0.6448176726944435
SVC (linear),674,0.6448223719345005
SVC (linear),675,0.6448110753606601
SVC (linear),676,0.6448176936935607
SVC (linear),677,0.6448173203377958
SVC (linear),678,0.6448143587071762
SVC (linear),679,0.6448173040989629
SVC (linear),680,0.6448187662510025
SVC (linear),681,0.64481038321472
SVC (linear),682,0.6448133233088241
SVC (linear),683,0.6448144584298025
SVC (linear),684,0.6448091463543835
SVC (linear),685,0.6448140029093462
SVC (linear),686,0.6448142695645409
SVC (linear),687,0.6448065829916194
SVC (linear),688,0.64480762759799
SVC (linear),689,0.6448135986094959
SVC (linear),690,0.6448016632894616
SVC (linear),691,0.6448080117335075
SVC (linear),692,0.6448090708952929
SVC (linear),693,0.6448022909145542
SVC (linear),694,0.6448067265026115
SVC (linear),695,0.644806321339783
SVC (linear),696,0.6448034077337066
SVC (linear),697,0.6448062449637588
SVC (linear),698,0.644800289755309
SVC (linear),699,0.6448031210705648
SVC (linear),700,0.6448044950387072
SVC (linear),701,0.6447961833565977
SVC (linear),702,0.6448008992321076
SVC (linear),703,0.6448025625797066
SVC (linear),704,0.6447942730203381
SVC (linear),705,0.6448004716052544
SVC (linear),706,0.6448001018167302
SVC (linear),707,0.644794852945831
SVC (linear),708,0.6447976759395083
SVC (linear),709,0.6448005056891939
SVC (linear),710,0.6447887954726534
SVC (linear),711,0.6447930848839682
SVC (linear),712,0.6447959079177863
SVC (linear),713,0.6447883207161931
SVC (linear),714,0.6447940751677944
SVC (linear),715,0.6447969003797992
SVC (linear),716,0.6447850659900595
SVC (linear),717,0.6447912067468283
SVC (linear),718,0.6447921333429287
SVC (linear),719,0.6447867754273126
SVC (linear),720,0.6447894012199051
SVC (linear),721,0.6447908904266958
SVC (linear),722,0.6447815643191916
SVC (linear),723,0.6447856969341875
SVC (linear),724,0.6447896206520021
SVC (linear),725,0.6447777355491703
SVC (linear),726,0.6447820112631139
SVC (linear),727,0.6447827960131365
SVC (linear),728,0.64478099348289
SVC (linear),729,0.64478203116647
SVC (linear),730,0.6447833700891533
SVC (linear),731,0.6447726793408141
SVC (linear),732,0.644779538707525
SVC (linear),733,0.6447803353821383
SVC (linear),734,0.644776220584464
SVC (linear),735,0.64477799414283
SVC (linear),736,0.6447799489816786
SVC (linear),737,0.6447709490142438
SVC (linear),738,0.6447738375562639
SVC (linear),739,0.6447765197910047
SVC (linear),740,0.6447713757170671
SVC (linear),741,0.6447724098065191
SVC (linear),742,0.6447715319247277
SVC (linear),743,0.6447716876856818
SVC (linear),744,0.6447743660611105
SVC (linear),745,0.6447660425056891
SVC (linear),746,0.6447696037891446
SVC (linear),747,0.6447722796945894
SVC (linear),748,0.6447639778102972
SVC (linear),749,0.6447670102175362
SVC (linear),750,0.6447722281719894
SVC (linear),751,0.6447623173522186
SVC (linear),752,0.6447663812763126
SVC (linear),753,0.6447672117817886
SVC (linear),754,0.6447637751159873
SVC (linear),755,0.6447645977975286
SVC (linear),756,0.6447697911003997
SVC (linear),757,0.6447622157864363
SVC (linear),758,0.6447660436178285
SVC (linear),759,0.6447590116628295
SVC (linear),760,0.6447614421120257
SVC (linear),761,0.6447659019826323
SVC (linear),762,0.6447583719249074
SVC (linear),763,0.6447621837881892
SVC (linear),764,0.6447621512889529
SVC (linear),765,0.6447566919351931
SVC (linear),766,0.6447577398478568
SVC (linear),767,0.6447628840171102
SVC (linear),768,0.6447531401141753
SVC (linear),769,0.6447569325931181
SVC (linear),770,0.6447593597802578
SVC (linear),771,0.6447501514034624
SVC (linear),772,0.6447547788615241
SVC (linear),773,0.6447556289133576
SVC (linear),774,0.6447538314209006
SVC (linear),775,0.644754677807369
SVC (linear),776,0.644750198788597
SVC (linear),777,0.6447532826436232
SVC (linear),778,0.644754332322209
SVC (linear),779,0.6447462546965811
SVC (linear),780,0.6447493332074833
SVC (linear),781,0.6447506880730257
SVC (linear),782,0.6447461845661534
SVC (linear),783,0.6447470457716232
SVC (linear),784,0.644753494822867
SVC (linear),785,0.64474390242333
SVC (linear),786,0.644746512755409
SVC (linear),787,0.6447489229259566
SVC (linear),788,0.6447412119772803
SVC (linear),789,0.6447471419474031
SVC (linear),790,0.6447480077749929
SVC (linear),791,0.6447400105283435
SVC (linear),792,0.644742619048395
SVC (linear),793,0.6447439785292665
SVC (linear),794,0.6447397278650528
SVC (linear),795,0.6447410199797509
SVC (linear),796,0.6447414819739725
SVC (linear),797,0.6447425539814624
SVC (linear),798,0.6447427775014745
SVC (linear),799,0.6447412203115079
SVC (linear),800,0.644742305126076
SVC (linear),801,0.6447435683008538
SVC (linear),802,0.6447358518889393
SVC (linear),803,0.644738251053138
SVC (linear),804,0.6447436335044169
SVC (linear),805,0.6447344284876226
SVC (linear),806,0.6447371934005401
SVC (linear),807,0.6447389362134223
SVC (linear),808,0.6447353603251061
SVC (linear),809,0.6447364515998778
SVC (linear),810,0.644739219426942
SVC (linear),811,0.6447318101462658
SVC (linear),812,0.6447335435900128
SVC (linear),813,0.6447363050373004
SVC (linear),814,0.6447305167185324
SVC (linear),815,0.6447371832186204
SVC (linear),816,0.6447314314444134
SVC (linear),817,0.644733015157539
SVC (linear),818,0.644734461377157
SVC (linear),819,0.6447303458658395
SVC (linear),820,0.6447320958182541
SVC (linear),821,0.6447345810730598
SVC (linear),822,0.6447258891901604
SVC (linear),823,0.6447333121231431
SVC (linear),824,0.6447273290557265
SVC (linear),825,0.6447294366207188
SVC (linear),826,0.6447332297143219
SVC (linear),827,0.6447267418670192
SVC (linear),828,0.6447308254520957
SVC (linear),829,0.6447318462216806
SVC (linear),830,0.6447289349232025
SVC (linear),831,0.6447303122948908
SVC (linear),832,0.644728720775928
SVC (linear),833,0.6447300951587371
SVC (linear),834,0.6447338725072087
SVC (linear),835,0.6447256269899582
SVC (linear),836,0.6447293300818442
SVC (linear),837,0.6447303565192184
SVC (linear),838,0.6447305344765867
SVC (linear),839,0.6447312194923274
SVC (linear),840,0.64473174838248
SVC (linear),841,0.6447301590833651
SVC (linear),842,0.6447315426226538
SVC (linear),843,0.64472605996197
SVC (linear),844,0.6447297402464125
SVC (linear),845,0.6447313572831518
SVC (linear),846,0.6447238419794012
SVC (linear),847,0.6447248029646461
SVC (linear),848,0.6447316335303978
SVC (linear),849,0.6447255715764011
SVC (linear),850,0.6447271852111511
SVC (linear),851,0.6447254005362463
SVC (linear),852,0.6447265723447658
SVC (linear),853,0.6447315017295634
SVC (linear),854,0.6447246942762132
SVC (linear),855,0.6447283921649496
SVC (linear),856,0.6447279364163917
SVC (linear),857,0.6447283597301783
SVC (linear),858,0.6447295393160019
SVC (linear),859,0.644726480121662
SVC (linear),860,0.6447278403395239
SVC (linear),861,0.6447327426962237
SVC (linear),862,0.6447237318045237
SVC (linear),863,0.6447274102392178
SVC (linear),864,0.6447288967961557
SVC (linear),865,0.6447257211842923
SVC (linear),866,0.6447266043069632
SVC (linear),867,0.6447269567706132
SVC (linear),868,0.6447280208515447
SVC (linear),869,0.6447280562778727
SVC (linear),870,0.6447250701938891
SVC (linear),871,0.644726308587756
SVC (linear),872,0.6447327604518839
SVC (linear),873,0.6447238200805806
SVC (linear),874,0.644726087677855
SVC (linear),875,0.6447283605395007
SVC (linear),876,0.6447234046166737
SVC (linear),877,0.6447298344812175
SVC (linear),878,0.6447230314704312
SVC (linear),879,0.6447243375726964
SVC (linear),880,0.6447277921103424
SVC (linear),881,0.6447222794805837
SVC (linear),882,0.6447286820574402
SVC (linear),883,0.6447231743472521
SVC (linear),884,0.6447257806248472
SVC (linear),885,0.6447258282856793
SVC (linear),886,0.6447228741689068
SVC (linear),887,0.6447241166451961
SVC (linear),888,0.6447304979848278
SVC (linear),889,0.6447216675694736
SVC (linear),890,0.6447239189878564
SVC (linear),891,0.6447261755640884
SVC (linear),892,0.6447212823903385
SVC (linear),893,0.6447276421752929
SVC (linear),894,0.644722180126305
SVC (linear),895,0.6447234847778396
SVC (linear),896,0.6447285896622523
SVC (linear),897,0.6447218922218758
SVC (linear),898,0.6447253778414829
SVC (linear),899,0.6447201149565267
SVC (linear),900,0.6447265576719222
SVC (linear),901,0.6447274706259019
SVC (linear),902,0.644723121690338
SVC (linear),903,0.644724369982542
SVC (linear),904,0.644730809800881
SVC (linear),905,0.6447241498549002
SVC (linear),906,0.6447267339895367
SVC (linear),907,0.6447226616813383
SVC (linear),908,0.6447248988286922
SVC (linear),909,0.6447257843258714
SVC (linear),910,0.644720404005384
SVC (linear),911,0.6447268058050436
SVC (linear),912,0.6447276061496187
SVC (linear),913,0.644721488308851
SVC (linear),914,0.644723945990083
SVC (linear),915,0.644721505073368
SVC (linear),916,0.6447224770839284
SVC (linear),917,0.6447269613804778
SVC (linear),918,0.6447202602144387
SVC (linear),919,0.6447235885236632
SVC (linear),920,0.6447244027484453
SVC (linear),921,0.6447223339109412
SVC (linear),922,0.6447231385472051
SVC (linear),923,0.6447263875008264
SVC (linear),924,0.6447197212123115
SVC (linear),925,0.6447259485510438
SVC (linear),926,0.644720376143503
SVC (linear),927,0.6447240298443208
SVC (linear),928,0.6447256668699416
SVC (linear),929,0.644718931036199
SVC (linear),930,0.6447225025825614
SVC (linear),931,0.6447228367225539
SVC (linear),932,0.64472160968533
SVC (linear),933,0.6447224528399282
SVC (linear),934,0.6447211392742441
SVC (linear),935,0.6447216407991149
SVC (linear),936,0.6447252042657302
SVC (linear),937,0.6447181254653416
SVC (linear),938,0.6447246395732785
SVC (linear),939,0.6447187859510718
SVC (linear),940,0.6447210727109032
SVC (linear),941,0.644723027352924
SVC (linear),942,0.6447175987508985
SVC (linear),943,0.6447217954523249
SVC (linear),944,0.6447147632448033
SVC (linear),945,0.6447218799188114
SVC (linear),946,0.6447222199286068
SVC (linear),947,0.6447186234157672
SVC (linear),948,0.6447207283081103
SVC (linear),949,0.644722258069808
SVC (linear),950,0.6447167877375686
SVC (linear),951,0.6447231522392421
SVC (linear),952,0.6447161476599577
SVC (linear),953,0.644718738172687
SVC (linear),954,0.6447204681017882
SVC (linear),955,0.6447161137588457
SVC (linear),956,0.6447169391729247
SVC (linear),957,0.6447217778797781
SVC (linear),958,0.6447159985536736
SVC (linear),959,0.6447184197931763
SVC (linear),960,0.6447155945751141
SVC (linear),961,0.6447165884973088
SVC (linear),962,0.6447186751083851
SVC (linear),963,0.6447110015907265
SVC (linear),964,0.6447138818184037
SVC (linear),965,0.6447198487272499
SVC (linear),966,0.6447107691561345
SVC (linear),967,0.6447130222113219
SVC (linear),968,0.6447137316073184
SVC (linear),969,0.6447166587931553
SVC (linear),970,0.6447150473950708
SVC (linear),971,0.6447083107583168
SVC (linear),972,0.6447120190928386
SVC (linear),973,0.6447113625325545
SVC (linear),974,0.6447144968881233
SVC (linear),975,0.644712690533138
SVC (linear),976,0.6447061717757965
SVC (linear),977,0.6447070210657918
SVC (linear),978,0.6447126121399779
SVC (linear),979,0.6447129359950624
SVC (linear),980,0.6447053373113231
SVC (linear),981,0.6447065149583262
SVC (linear),982,0.6447120980046425
SVC (linear),983,0.6447039571512371
SVC (linear),984,0.6447047685107523
SVC (linear),985,0.6447112680510796
SVC (linear),986,0.6447021265805446
SVC (linear),987,0.6447053413924513
SVC (linear),988,0.6447061894608399
SVC (linear),989,0.6447065622408906
SVC (linear),990,0.6447035994666747
SVC (linear),991,0.6446995793165801
SVC (linear),992,0.6447002201148094
SVC (linear),993,0.6447050060234549
SVC (linear),994,0.6447018801829151
SVC (linear),995,0.6447053204426648
SVC (linear),996,0.644699672345333
SVC (linear),997,0.6447008421423267
SVC (linear),998,0.6447023773964375
SVC (linear),999,0.6447018532889713
SVC (linear),1000,0.6446943311063779
SVC (linear),1001,0.6447007745926269
SVC (linear),1002,0.6447012731021088
SVC (linear),1003,0.644692926879574
SVC (linear),1004,0.6446975323221315
SVC (linear),1005,0.6446981921681257
SVC (linear),1006,0.644694532265802
SVC (linear),1007,0.6446955092675213
SVC (linear),1008,0.6446982771722681
SVC (linear),1009,0.6446968503723953
SVC (linear),1010,0.6446902536258116
SVC (linear),1011,0.6446931469506734
SVC (linear),1012,0.6446965012255372
SVC (linear),1013,0.6446945998918587
SVC (linear),1014,0.6446935445169838
SVC (linear),1015,0.6446895850721897
SVC (linear),1016,0.6446903941504031
SVC (linear),1017,0.644691408805301
SVC (linear),1018,0.6446949891342288
SVC (linear),1019,0.6446919354140728
SVC (linear),1020,0.6446848704496162
SVC (linear),1021,0.6446891584325153
SVC (linear),1022,0.6446896596792165
SVC (linear),1023,0.6446932232379607
SVC (linear),1024,0.644684336005039
SVC (linear),1025,0.6446876623405352
SVC (linear),1026,0.6446881631147411
SVC (linear),1027,0.6446905686746893
SVC (linear),1028,0.6446829486950041
SVC (linear),1029,0.6446869302417794
SVC (linear),1030,0.6446875157039342
SVC (linear),1031,0.6446868485490899
SVC (linear),1032,0.6446874401067441
SVC (linear),1033,0.644684766347063
SVC (linear),1034,0.6446853463737385
SVC (linear),1035,0.6446854523873319
SVC (linear),1036,0.6446812525448053
SVC (linear),1037,0.644682158638845
SVC (linear),1038,0.6446866002192464
SVC (linear),1039,0.6446780420098416
SVC (linear),1040,0.6446846152389534
SVC (linear),1041,0.6446848805647922
SVC (linear),1042,0.6446785205030753
SVC (linear),1043,0.6446799370796936
SVC (linear),1044,0.6446844572607223
SVC (linear),1045,0.6446827164981785
SVC (linear),1046,0.644680155704366
SVC (linear),1047,0.6446825113960257
SVC (linear),1048,0.6446733963772879
SVC (linear),1049,0.644678296559969
SVC (linear),1050,0.6446787442888892
SVC (linear),1051,0.644681223598359
SVC (linear),1052,0.6446721319713019
SVC (linear),1053,0.6446760906798794
SVC (linear),1054,0.6446773586873045
SVC (linear),1055,0.6446767343830934
SVC (linear),1056,0.6446735509377112
SVC (linear),1057,0.6446770117431061
SVC (linear),1058,0.6446672952000796
SVC (linear),1059,0.6446713689592719
SVC (linear),1060,0.6446725106829457
SVC (linear),1061,0.6446733620327251
SVC (linear),1062,0.6446644869045467
SVC (linear),1063,0.6446701210059048
SVC (linear),1064,0.644669471990114
SVC (linear),1065,0.6446732463919317
SVC (linear),1066,0.6446634357826644
SVC (linear),1067,0.6446684748249998
SVC (linear),1068,0.644668326103318
SVC (linear),1069,0.6446693896271053
SVC (linear),1070,0.6446668909704246
SVC (linear),1071,0.6446703487937192
SVC (linear),1072,0.6446609125210649
SVC (linear),1073,0.6446624966322039
SVC (linear),1074,0.644667209160644
SVC (linear),1075,0.6446644091810867
SVC (linear),1076,0.6446630864469842
SVC (linear),1077,0.6446627430002034
SVC (linear),1078,0.6446635760091791
SVC (linear),1079,0.6446635229319225
SVC (linear),1080,0.6446610421677199
SVC (linear),1081,0.6446637571399744
SVC (linear),1082,0.6446551898233102
SVC (linear),1083,0.6446633361743189
SVC (linear),1084,0.6446626890175504
SVC (linear),1085,0.6446567729568643
SVC (linear),1086,0.6446570765628696
SVC (linear),1087,0.6446615913159218
SVC (linear),1088,0.6446590291816741
SVC (linear),1089,0.6446598460881784
SVC (linear),1090,0.6446509326238058
SVC (linear),1091,0.6446589524390829
SVC (linear),1092,0.6446582075427726
SVC (linear),1093,0.6446558364688135
SVC (linear),1094,0.6446568634219315
SVC (linear),1095,0.6446487316504651
SVC (linear),1096,0.6446567217712655
SVC (linear),1097,0.6446559871718857
SVC (linear),1098,0.6446488624150634
SVC (linear),1099,0.6446509039725234
SVC (linear),1100,0.6446543658239278
SVC (linear),1101,0.6446520077889167
SVC (linear),1102,0.6446532730943472
SVC (linear),1103,0.6446504279333131
SVC (linear),1104,0.6446472226090856
SVC (linear),1105,0.6446469378148251
SVC (linear),1106,0.6446520405149494
SVC (linear),1107,0.6446485586055138
SVC (linear),1108,0.6446463084963361
SVC (linear),1109,0.6446460238648621
SVC (linear),1110,0.6446483111346543
SVC (linear),1111,0.6446459697997232
SVC (linear),1112,0.6446485714796331
SVC (linear),1113,0.6446403816133803
SVC (linear),1114,0.6446456347071078
SVC (linear),1115,0.6446441115211189
SVC (linear),1116,0.6446479504321132
SVC (linear),1117,0.644639926699892
SVC (linear),1118,0.6446429645360878
SVC (linear),1119,0.64464317748986
SVC (linear),1120,0.6446452006982696
SVC (linear),1121,0.6446426904559633
SVC (linear),1122,0.6446356944635003
SVC (linear),1123,0.6446417365934168
SVC (linear),1124,0.6446402216301325
SVC (linear),1125,0.6446434755567177
SVC (linear),1126,0.6446354983616552
SVC (linear),1127,0.6446408379792814
SVC (linear),1128,0.6446404059297772
SVC (linear),1129,0.6446409676341669
SVC (linear),1130,0.6446320778998662
SVC (linear),1131,0.6446399063614131
SVC (linear),1132,0.6446393314791407
SVC (linear),1133,0.6446381378391891
SVC (linear),1134,0.644636642685432
SVC (linear),1135,0.644632064161123
SVC (linear),1136,0.6446334306169089
SVC (linear),1137,0.6446394390183111
SVC (linear),1138,0.644635884740828
SVC (linear),1139,0.6446289622801641
SVC (linear),1140,0.6446337003332893
SVC (linear),1141,0.6446331342625986
SVC (linear),1142,0.6446372245871034
SVC (linear),1143,0.6446279576420404
SVC (linear),1144,0.6446316897190982
SVC (linear),1145,0.6446322696881658
SVC (linear),1146,0.644631148384531
SVC (linear),1147,0.6446290262256948
SVC (linear),1148,0.644631444090498
SVC (linear),1149,0.6446235794106159
SVC (linear),1150,0.6446264335779422
SVC (linear),1151,0.6446271487324365
SVC (linear),1152,0.6446270982272715
SVC (linear),1153,0.6446252077262806
SVC (linear),1154,0.6446230267311945
SVC (linear),1155,0.6446226766654355
SVC (linear),1156,0.644628622544944
SVC (linear),1157,0.6446195122038971
SVC (linear),1158,0.644622910404573
SVC (linear),1159,0.6446222706647753
SVC (linear),1160,0.6446273685931087
SVC (linear),1161,0.6446234855929532
SVC (linear),1162,0.6446229831688581
SVC (linear),1163,0.6446154526833926
SVC (linear),1164,0.6446227576445904
SVC (linear),1165,0.644622109722446
SVC (linear),1166,0.6446209958874627
SVC (linear),1167,0.6446155291844285
SVC (linear),1168,0.6446172835899685
SVC (linear),1169,0.6446226763284206
SVC (linear),1170,0.6446200221384975
SVC (linear),1171,0.6446196520052753
SVC (linear),1172,0.6446104763742585
SVC (linear),1173,0.6446181588208414
SVC (linear),1174,0.6446175222916156
SVC (linear),1175,0.6446186536464708
SVC (linear),1176,0.6446116700576163
SVC (linear),1177,0.6446160034446127
SVC (linear),1178,0.6446155080793895
SVC (linear),1179,0.644619265319166
SVC (linear),1180,0.6446099881578841
SVC (linear),1181,0.6446146607437668
SVC (linear),1182,0.6446141508355943
SVC (linear),1183,0.6446164440382196
SVC (linear),1184,0.644613656261802
SVC (linear),1185,0.6446144115881857
SVC (linear),1186,0.6446062171984549
SVC (linear),1187,0.644612874368448
SVC (linear),1188,0.6446131521746279
SVC (linear),1189,0.644613612413169
SVC (linear),1190,0.6446058033348782
SVC (linear),1191,0.6446124482006315
SVC (linear),1192,0.6446108396381593
SVC (linear),1193,0.6446128266075236
SVC (linear),1194,0.6446049312951249
SVC (linear),1195,0.6446101123329439
SVC (linear),1196,0.6446106564172599
SVC (linear),1197,0.6446093643711359
SVC (linear),1198,0.6446074521913716
SVC (linear),1199,0.644609781541352
SVC (linear),1200,0.6446018813750207
SVC (linear),1201,0.6446068997345082
SVC (linear),1202,0.6446072587885527
SVC (linear),1203,0.6446085469501011
SVC (linear),1204,0.6446006351147315
SVC (linear),1205,0.6446053599363242
SVC (linear),1206,0.6446047976279211
SVC (linear),1207,0.6446076074992676
SVC (linear),1208,0.6445997159250633
SVC (linear),1209,0.6446058659960957
SVC (linear),1210,0.6446060823870314
SVC (linear),1211,0.644604509944072
SVC (linear),1212,0.6446047267840963
SVC (linear),1213,0.6445976370400308
SVC (linear),1214,0.6446027395698642
SVC (linear),1215,0.64460218030566
SVC (linear),1216,0.644603943688599
SVC (linear),1217,0.6445963860410351
SVC (linear),1218,0.644602652962836
SVC (linear),1219,0.6446028699966014
SVC (linear),1220,0.6446012305250723
SVC (linear),1221,0.644599959979999
SVC (linear),1222,0.6445994405081589
SVC (linear),1223,0.6445949091998698
SVC (linear),1224,0.6445973426440849
SVC (linear),1225,0.6445980553960121
SVC (linear),1226,0.6445978600818496
SVC (linear),1227,0.6445919816411033
SVC (linear),1228,0.6445959005247516
SVC (linear),1229,0.6445955222056129
SVC (linear),1230,0.6445987257901632
SVC (linear),1231,0.6445911245368322
SVC (linear),1232,0.6445962175664832
SVC (linear),1233,0.6445964752314567
SVC (linear),1234,0.6445973717402784
SVC (linear),1235,0.6445899366053272
SVC (linear),1236,0.6445950130013522
SVC (linear),1237,0.6445952717663741
SVC (linear),1238,0.6445960602146685
SVC (linear),1239,0.6445894072082413
SVC (linear),1240,0.6445914972708585
SVC (linear),1241,0.6445925290983547
SVC (linear),1242,0.6445925458486743
SVC (linear),1243,0.6445917495625969
SVC (linear),1244,0.6445863452935623
SVC (linear),1245,0.6445906580400422
SVC (linear),1246,0.6445915401028935
SVC (linear),1247,0.6445849483349051
SVC (linear),1248,0.644587986046555
SVC (linear),1249,0.6445898924630871
SVC (linear),1250,0.6445915146734688
SVC (linear),1251,0.6445840185861986
SVC (linear),1252,0.6445886551023856
SVC (linear),1253,0.64458702710705
SVC (linear),1254,0.6445885083674451
SVC (linear),1255,0.6445870276608701
SVC (linear),1256,0.6445855812906964
SVC (linear),1257,0.6445857580015084
SVC (linear),1258,0.6445839989125369
SVC (linear),1259,0.6445812767994886
SVC (linear),1260,0.6445810941591267
SVC (linear),1261,0.6445843032554907
SVC (linear),1262,0.6445825487594704
SVC (linear),1263,0.6445791346762212
SVC (linear),1264,0.6445794262384453
SVC (linear),1265,0.6445829291531021
SVC (linear),1266,0.6445814919228701
SVC (linear),1267,0.6445763504136813
SVC (linear),1268,0.6445787806006391
SVC (linear),1269,0.6445808536438054
SVC (linear),1270,0.6445796495818998
SVC (linear),1271,0.6445760540898638
SVC (linear),1272,0.6445758240267867
SVC (linear),1273,0.6445811856299426
SVC (linear),1274,0.6445743727375788
SVC (linear),1275,0.6445806889001893
SVC (linear),1276,0.6445781446938279
SVC (linear),1277,0.6445770804336366
SVC (linear),1278,0.6445785030028528
SVC (linear),1279,0.6445768812720879
SVC (linear),1280,0.6445758562225397
SVC (linear),1281,0.6445755583040977
SVC (linear),1282,0.6445732715751762
SVC (linear),1283,0.644574442184756
SVC (linear),1284,0.6445766184904025
SVC (linear),1285,0.6445704636058565
SVC (linear),1286,0.6445757935426782
SVC (linear),1287,0.6445741825338333
SVC (linear),1288,0.6445759154028622
SVC (linear),1289,0.6445734718357545
SVC (linear),1290,0.644573764371686
SVC (linear),1291,0.6445736876411129
SVC (linear),1292,0.6445676357518766
SVC (linear),1293,0.6445738193021809
SVC (linear),1294,0.644574146910708
SVC (linear),1295,0.6445703832598234
SVC (linear),1296,0.6445709853250147
SVC (linear),1297,0.6445743569478701
SVC (linear),1298,0.6445679896669703
SVC (linear),1299,0.6445726764884836
SVC (linear),1300,0.6445709901899285
SVC (linear),1301,0.6445723415930312
SVC (linear),1302,0.644570933608506
SVC (linear),1303,0.644569555936191
SVC (linear),1304,0.6445702783876065
SVC (linear),1305,0.6445636610098654
SVC (linear),1306,0.644571944422382
SVC (linear),1307,0.6445705533438381
SVC (linear),1308,0.6445642478419434
SVC (linear),1309,0.6445682159505308
SVC (linear),1310,0.644566673468426
SVC (linear),1311,0.6445682955436052
SVC (linear),1312,0.6445666194767964
SVC (linear),1313,0.6445668216212627
SVC (linear),1314,0.6445667473152717
SVC (linear),1315,0.6445594703243924
SVC (linear),1316,0.6445659868686088
SVC (linear),1317,0.6445664489003822
SVC (linear),1318,0.6445620410156963
SVC (linear),1319,0.6445638467780244
SVC (linear),1320,0.6445639035266209
SVC (linear),1321,0.6445633314157503
SVC (linear),1322,0.6445632571553737
SVC (linear),1323,0.6445615951783816
SVC (linear),1324,0.6445632070026596
SVC (linear),1325,0.6445566584665107
SVC (linear),1326,0.6445631546062179
SVC (linear),1327,0.644562406945745
SVC (linear),1328,0.644558476529699
SVC (linear),1329,0.6445591077021673
SVC (linear),1330,0.6445631807602963
SVC (linear),1331,0.6445566791466589
SVC (linear),1332,0.6445605419434102
SVC (linear),1333,0.6445603599275909
SVC (linear),1334,0.6445584470956753
SVC (linear),1335,0.6445585404752532
SVC (linear),1336,0.6445567844665803
SVC (linear),1337,0.6445582767912262
SVC (linear),1338,0.6445516674742702
SVC (linear),1339,0.6445580126985037
SVC (linear),1340,0.6445563902051934
SVC (linear),1341,0.6445567882965197
SVC (linear),1342,0.6445553080669457
SVC (linear),1343,0.6445552688376677
SVC (linear),1344,0.6445489563622875
SVC (linear),1345,0.6445572351822327
SVC (linear),1346,0.6445574505113204
SVC (linear),1347,0.6445497503356347
SVC (linear),1348,0.6445547030473601
SVC (linear),1349,0.6445552204236704
SVC (linear),1350,0.6445490561450056
SVC (linear),1351,0.6445541106705184
SVC (linear),1352,0.6445532039838539
SVC (linear),1353,0.644551570166525
SVC (linear),1354,0.6445518030652465
SVC (linear),1355,0.6445521320300868
SVC (linear),1356,0.6445454232639325
SVC (linear),1357,0.64455150460522
SVC (linear),1358,0.6445518637009642
SVC (linear),1359,0.6445459967403238
SVC (linear),1360,0.6445497245488364
SVC (linear),1361,0.6445482421520919
SVC (linear),1362,0.6445487623636859
SVC (linear),1363,0.644547140262039
SVC (linear),1364,0.6445471019097047
SVC (linear),1365,0.644547700334345
SVC (linear),1366,0.6445410273352694
SVC (linear),1367,0.6445470780316528
SVC (linear),1368,0.644547436290775
SVC (linear),1369,0.6445412025526758
SVC (linear),1370,0.6445451810140952
SVC (linear),1371,0.644545425758255
SVC (linear),1372,0.6445412779644782
SVC (linear),1373,0.6445431202084672
SVC (linear),1374,0.644542962853203
SVC (linear),1375,0.6445436099253876
SVC (linear),1376,0.6445417855679222
SVC (linear),1377,0.6445433006616041
SVC (linear),1378,0.6445413380880557
SVC (linear),1379,0.6445367295549381
SVC (linear),1380,0.6445412305497366
SVC (linear),1381,0.6445398273630212
SVC (linear),1382,0.6445404725238711
SVC (linear),1383,0.6445389435362847
SVC (linear),1384,0.6445385327827486
SVC (linear),1385,0.6445353026901746
SVC (linear),1386,0.6445370040902028
SVC (linear),1387,0.6445375669460932
SVC (linear),1388,0.6445392032274648
SVC (linear),1389,0.644532658330816
SVC (linear),1390,0.6445384736204193
SVC (linear),1391,0.6445361410295307
SVC (linear),1392,0.6445349066800289
SVC (linear),1393,0.6445355493429562
SVC (linear),1394,0.6445339035372367
SVC (linear),1395,0.644530688765557
SVC (linear),1396,0.644532117647091
SVC (linear),1397,0.6445341804835674
SVC (linear),1398,0.6445293172248102
SVC (linear),1399,0.6445341712154506
SVC (linear),1400,0.644531850206637
SVC (linear),1401,0.6445322403736833
SVC (linear),1402,0.6445326418951456
SVC (linear),1403,0.6445280528324309
SVC (linear),1404,0.6445313233080358
SVC (linear),1405,0.6445312044677156
SVC (linear),1406,0.6445294911248396
SVC (linear),1407,0.6445301176825474
SVC (linear),1408,0.64452523255641
SVC (linear),1409,0.644529925965783
SVC (linear),1410,0.6445275389872213
SVC (linear),1411,0.644526305772844
SVC (linear),1412,0.6445279111404844
SVC (linear),1413,0.6445281064668089
SVC (linear),1414,0.6445221141537208
SVC (linear),1415,0.6445269223196782
SVC (linear),1416,0.6445257662701165
SVC (linear),1417,0.6445198732232221
SVC (linear),1418,0.6445233828592956
SVC (linear),1419,0.6445266155331273
SVC (linear),1420,0.6445204859869934
SVC (linear),1421,0.6445237816360445
SVC (linear),1422,0.6445225550361775
SVC (linear),1423,0.6445233029231254
SVC (linear),1424,0.6445215750192012
SVC (linear),1425,0.6445229054805179
SVC (linear),1426,0.6445168281901964
SVC (linear),1427,0.644521395905969
SVC (linear),1428,0.6445208006368645
SVC (linear),1429,0.6445174881121923
SVC (linear),1430,0.6445192748565568
SVC (linear),1431,0.6445195297180126
SVC (linear),1432,0.6445183101735793
SVC (linear),1433,0.6445190549735937
SVC (linear),1434,0.6445164514616932
SVC (linear),1435,0.6445180366347601
SVC (linear),1436,0.6445117304137281
SVC (linear),1437,0.6445167630642848
SVC (linear),1438,0.6445170866158434
SVC (linear),1439,0.644513146795043
SVC (linear),1440,0.644514926005318
SVC (linear),1441,0.6445175474524713
SVC (linear),1442,0.6445105910033763
SVC (linear),1443,0.6445143382268641
SVC (linear),1444,0.6445126948425446
SVC (linear),1445,0.6445137836818379
SVC (linear),1446,0.6445123677053425
SVC (linear),1447,0.644512361712797
SVC (linear),1448,0.6445129786263634
SVC (linear),1449,0.6445065589828569
SVC (linear),1450,0.644512396118677
SVC (linear),1451,0.6445127168814667
SVC (linear),1452,0.644505860439456
SVC (linear),1453,0.6445095893205359
SVC (linear),1454,0.6445080280523051
SVC (linear),1455,0.6445095962675638
SVC (linear),1456,0.6445079288169785
SVC (linear),1457,0.6445079941565429
SVC (linear),1458,0.64450355379497
SVC (linear),1459,0.6445067385475697
SVC (linear),1460,0.6445086487868745
SVC (linear),1461,0.6445017421752303
SVC (linear),1462,0.6445064430242428
SVC (linear),1463,0.6445058339034593
SVC (linear),1464,0.6445060747964626
SVC (linear),1465,0.6445019400771546
SVC (linear),1466,0.6445036348850837
SVC (linear),1467,0.6445035468401252
SVC (linear),1468,0.6445025262228564
SVC (linear),1469,0.6445017637158054
SVC (linear),1470,0.6445030531004324
SVC (linear),1471,0.6444971135619476
SVC (linear),1472,0.6445017917352447
SVC (linear),1473,0.6445020464215827
SVC (linear),1474,0.6445021623140268
SVC (linear),1475,0.6444964564133832
SVC (linear),1476,0.6444998898105764
SVC (linear),1477,0.6444983475632777
SVC (linear),1478,0.644498798952103
SVC (linear),1479,0.644497070817718
SVC (linear),1480,0.6444926163184932
SVC (linear),1481,0.6444972740394938
SVC (linear),1482,0.6444977834227631
SVC (linear),1483,0.6444921335470774
SVC (linear),1484,0.6444957266237789
SVC (linear),1485,0.6444958791642146
SVC (linear),1486,0.6444917876296313
SVC (linear),1487,0.6444931958432619
SVC (linear),1488,0.6444933627899466
SVC (linear),1489,0.6444920980367888
SVC (linear),1490,0.6444940679207901
SVC (linear),1491,0.644491428985976
SVC (linear),1492,0.6444925722318058
SVC (linear),1493,0.644486620953002
SVC (linear),1494,0.644490978363227
SVC (linear),1495,0.6444904091826823
SVC (linear),1496,0.6444871267660616
SVC (linear),1497,0.6444888621073562
SVC (linear),1498,0.6444906035470289
SVC (linear),1499,0.6444849688569464
SVC (linear),1500,0.6444886145565302
SVC (rbf),1,0.5417767181717102
SVC (rbf),2,0.5412725174218177
SVC (rbf),3,0.5412664613435276
k-NN,1,1.000000500029089e-06
k-NN,2,0.2520086058188479
k-NN,3,0.35003007641939327
k-NN,4,0.4052791141109074
k-NN,5,0.4195300005877262
k-NN,6,0.4201640580210747
k-NN,7,0.43393357546461625
k-NN,8,0.4339527264027543
k-NN,9,0.4330331646691268
k-NN,10,0.4447850506265235
k-NN,11,0.4512279070260443
k-NN,12,0.45722982866710327
k-NN,13,0.46065268687691274
k-NN,14,0.4651896293445301
k-NN,15,0.470093300714347
Single-Layer Perceptron,1,0.46631231339144585
Single-Layer Perceptron,2,0.46021148000341405
Single-Layer Perceptron,3,0.47413623467666843
Single-Layer Perceptron,4,0.46297678827628824
Single-Layer Perceptron,5,0.45807231077622856
Single-Layer Perceptron,6,0.4628237930249492
Single-Layer Perceptron,7,0.4619645753316235
Single-Layer Perceptron,8,0.4617033244784134
Single-Layer Perceptron,9,0.46130863138235434
Single-Layer Perceptron,10,0.4631650772006964
Single-Layer Perceptron,11,0.4602327766187516
Single-Layer Perceptron,12,0.4599618139654846
Single-Layer Perceptron,13,0.46247922986608947
Single-Layer Perceptron,14,0.456913417756209
Single-Layer Perceptron,15,0.461405151143218
Single-Layer Perceptron,16,0.4583293385255363
Single-Layer Perceptron,17,0.4602905380830593
Single-Layer Perceptron,18,0.4614730085127841
Single-Layer Perceptron,19,0.45972954601557303
Single-Layer Perceptron,20,0.4612249663887412
Single-Layer Perceptron,21,0.4626298895706699
Single-Layer Perceptron,22,0.4604210035340516
Single-Layer Perceptron,23,0.45955941786077364
Single-Layer Perceptron,24,0.4613842783972138
Single-Layer Perceptron,25,0.4607208205536113
Single-Layer Perceptron,26,0.45931494146402196
Single-Layer Perceptron,27,0.4612187984213582
Single-Layer Perceptron,28,0.46036313856414673
Single-Layer Perceptron,29,0.4605987825905252
Single-Layer Perceptron,30,0.46036958182826937
Single-Layer Perceptron,31,0.46052137098710366
Single-Layer Perceptron,32,0.46036003346424714
Single-Layer Perceptron,33,0.46014360189819253
Single-Layer Perceptron,34,0.4598698582857365
Single-Layer Perceptron,35,0.4608419497179508
Single-Layer Perceptron,36,0.459540819373955
MLP,1,0.537570755225274
MLP,2,0.4932793844749495
MLP,3,0.49404662924638293
MLP,4,0.48925220477987263
MLP,5,0.47803917290064496
MLP,6,0.4812680449288699
MLP,7,0.46586898951161587
MLP,8,0.475059021456319
MLP,9,0.4699442439514863
MLP,10,0.4587676423795682
MLP,11,0.47237794724128745
MLP,12,0.4724068414862136
MLP,13,0.4651717292387205
MLP,14,0.4559768179353977
MLP,15,0.45778174444626607
MLP,16,0.45896205545626284
MLP,17,0.4623448624442784
MLP,18,0.4575505110998009
MLP,19,0.4528293812699714
MLP,20,0.45826507556099655
MLP,21,0.45726653855126215
MLP,22,0.46098148023783775
MLP,23,0.4577443434314443
MLP,24,0.45138065868804234
MLP,25,0.45938115511896926
MLP,26,0.45360939425857055
MLP,27,0.456254854254394
MLP,28,0.4482403563544109
MLP,29,0.4593690606488498
MLP,30,0.45067678799905847
MLP,31,0.45627645401227784
MLP,32,0.4567352352026764
MLP,33,0.45659833838172637
MLP,34,0.4508810768720903
MLP,35,0.46406507294264626
MLP,36,0.4537715395922925
MLP,37,0.456337211586065
MLP,38,0.4524308419538653
MLP,39,0.45625405838682426
MLP,40,0.4464779851363209
MLP,41,0.4557358019242871
MLP,42,0.4556471965505504
MLP,43,0.45522621814732844
MLP,44,0.45639621405739167
MLP,45,0.45145612339662916
MLP,46,0.4566040361415272
MLP,47,0.4537459340056885
MLP,48,0.45393957393197876
MLP,49,0.4640415245269499
MLP,50,0.45034689767136743
MLP,51,0.46073400722462
MLP,52,0.44716886735892075
MLP,53,0.4499370094128169
MLP,54,0.45234950343479624
MLP,55,0.4609042833732113
MLP,56,0.44410370356202805
MLP,57,0.4557268209528884
MLP,58,0.44353589851056335
MLP,59,0.4570288331691917
MLP,60,0.44905162567586576
MLP,61,0.4514927293796416
MLP,62,0.45035236287648533
MLP,63,0.4520726642109492
MLP,64,0.44765527727418347
MLP,65,0.44599057070542986
MLP,66,0.46081809205023827
MLP,67,0.45417950507329397
MLP,68,0.4516019841053475
MLP,69,0.4477755977121945
MLP,70,0.4467262670413419
MLP,71,0.44477303302254956
MLP,72,0.4468536929593984
MLP,73,0.46328721814569457
MLP,74,0.4408252494618743
MLP,75,0.4589025888087765
MLP,76,0.45107064981214473
MLP,77,0.4464088925311295
MLP,78,0.4538293057040971
MLP,79,0.45586865876065746
MLP,80,0.4475208898695678
MLP,81,0.45102046652230465
MLP,82,0.44426707313882235
MLP,83,0.4515163118186384
MLP,84,0.45681198472240975
MLP,85,0.4423129052830351
MLP,86,0.4506362855240924
MLP,87,0.44638142653927
MLP,88,0.4588304883796668
MLP,89,0.4556081275632023
EBM (additive),1,0.46116402147147073
EBM (additive),2,0.4611396147205299
EBM (additive),3,0.4610691516832292
EBM (additive),4,0.46097386347292585
EBM (additive),5,0.46086850590676975
EBM (additive),6,0.4607525880519343
EBM (additive),7,0.4606388940384415
EBM (additive),8,0.4605317958637444
EBM (additive),9,0.4604202907632664
EBM (additive),10,0.4603140222525374
EBM (additive),11,0.4602129597518412
EBM (additive),12,0.460115457331892
EBM (additive),13,0.46001960174671774
EBM (additive),14,0.45993358554968194
EBM (additive),15,0.45984307279819153
EBM (additive),16,0.45975822013859263
EBM (additive),17,0.45967959191406166
EBM (additive),18,0.4595972229579901
EBM (additive),19,0.45951715923607767
EBM (additive),20,0.45943961099425146
EBM (additive),21,0.4593699366273219
EBM (additive),22,0.45929578757071005
EBM (additive),23,0.45922763760350366
EBM (additive),24,0.45916997560416567
EBM (additive),25,0.4591068262265419
EBM (additive),26,0.4590483732713264
EBM (additive),27,0.4589855200582548
EBM (additive),28,0.45892975268577585
EBM (additive),29,0.45888540314098025
EBM (additive),30,0.45883209997919966
EBM (additive),31,0.45878138465252183
EBM (additive),32,0.45876843335687567
EBM (additive),33,0.4587524728315676
EBM (additive),34,0.4587493201375893
Stacking (5 bases),1,0.4380305778367839
Stacking (5 bases),2,0.43112740147954054
Stacking (5 bases),3,0.4286434412473204
Stacking (5 bases),4,0.42855768501052643
Stacking (5 bases),5,0.42267985511913814
Blend EBM+MLP (better model),1,0.4957104092102983
Blend EBM+MLP (better model),2,0.48296803189852955
Blend EBM+MLP (better model),3,0.48105360966345156
Blend EBM+MLP (better model),4,0.4756259838657573
Blend EBM+MLP (better model),5,0.47171931540259726
Blend EBM+MLP (better model),6,0.4755687664886472
Blend EBM+MLP (better model),7,0.46768459682599967
Blend EBM+MLP (better model),8,0.46503276581275743
Blend EBM+MLP (better model),9,0.46568334636637926
Blend EBM+MLP (better model),10,0.46302431393006993
Blend EBM+MLP (better model),11,0.4651002100320879
Blend EBM+MLP (better model),12,0.46504629305175194
Blend EBM+MLP (better model),13,0.45934411813350023
Blend EBM+MLP (better model),14,0.45912390676712256
Blend EBM+MLP (better model),15,0.46352227474394886
Blend EBM+MLP (better model),16,0.45983565445487545
Blend EBM+MLP (better model),17,0.45969051132933786
Blend EBM+MLP (better model),18,0.456903689186252
Blend EBM+MLP (better model),19,0.4584397484767918
Blend EBM+MLP (better model),20,0.45843526789398786
Blend EBM+MLP (better model),21,0.4575264163529992
Blend EBM+MLP (better model),22,0.4579086025449405
Blend EBM+MLP (better model),23,0.4579288482505315
Blend EBM+MLP (better model),24,0.45405088666110516
Blend EBM+MLP (better model),25,0.4570070877348198
Blend EBM+MLP (better model),26,0.45550917149202397
Blend EBM+MLP (better model),27,0.45742162066734504
Blend EBM+MLP (better model),28,0.4547028582657509
Blend EBM+MLP (better model),29,0.45809417637071687
Blend EBM+MLP (better model),30,0.4541531521054874
Blend EBM+MLP (better model),31,0.45660918707698894
Blend EBM+MLP (better model),32,0.45253338858907216
Blend EBM+MLP (better model),33,0.4573274251593008
Blend EBM+MLP (better model),34,0.45485803428374816
Blend EBM+MLP (better model),35,0.45463322362314484
Blend EBM+MLP (better model),36,0.45386203522706453
Blend EBM+MLP (better model),37,0.45547071734249106
Blend EBM+MLP (better model),38,0.4528377800436404
Blend EBM+MLP (better model),39,0.45432122398193064
Blend EBM+MLP (better model),40,0.4542376064184275
Blend EBM+MLP (better model),41,0.45512208171138974
Blend EBM+MLP (better model),42,0.45672384739341804
Blend EBM+MLP (better model),43,0.4564771274385092
Blend EBM+MLP (better model),44,0.4549462332208076
Blend EBM+MLP (better model),45,0.4527022381682054
Blend EBM+MLP (better model),46,0.4548039383296107
Blend EBM+MLP (better model),47,0.4499139589448675
Blend EBM+MLP (better model),48,0.45258048956173197
Blend EBM+MLP (better model),49,0.4533091234385405
Blend EBM+MLP (better model),50,0.45329407691432416
Blend EBM+MLP (better model),51,0.45566157720380207
Blend EBM+MLP (better model),52,0.4513929193745171
Blend EBM+MLP (better model),53,0.4532711038740095
Blend EBM+MLP (better model),54,0.45354423494654245
Blend EBM+MLP (better model),55,0.4557693312943802
Blend EBM+MLP (better model),56,0.45044853165833254
Blend EBM+MLP (better model),57,0.4556114003072306
Blend EBM+MLP (better model),58,0.4529140848378358
Blend EBM+MLP (better model),59,0.45448704929541234
Blend EBM+MLP (better model),60,0.4515342226501765
Blend EBM+MLP (better model),61,0.4522737608952883
Blend EBM+MLP (better model),62,0.45541155378824466
Blend EBM+MLP (better model),63,0.45151030509852424
Blend EBM+MLP (better model),64,0.45386218412296475
Blend EBM+MLP (better model),65,0.44618568856159097
Blend EBM+MLP (better model),66,0.4550601511487284
Blend EBM+MLP (better model),67,0.45301195684855705
Blend EBM+MLP (better model),68,0.45214199025258334
Blend EBM+MLP (better model),69,0.45019465842224393
Blend EBM+MLP (better model),70,0.452063432754567
Blend EBM+MLP (better model),71,0.451374412449041
Blend EBM+MLP (better model),72,0.4534206984210293
Blend EBM+MLP (better model),73,0.4584177671456483
Blend EBM+MLP (better model),74,0.4470243758198337
Blend EBM+MLP (better model),75,0.45447655723029723
Blend EBM+MLP (better model),76,0.4505757933332196
Blend EBM+MLP (better model),77,0.45148810870055983
Blend EBM+MLP (better model),78,0.4524475312603148
Blend EBM+MLP (better model),79,0.4528184928311858
Blend EBM+MLP (better model),80,0.452811332222388
Blend EBM+MLP (better model),81,0.45192178092862856
Blend EBM+MLP (better model),82,0.44889267124133314
Blend EBM+MLP (better model),83,0.45095903191042525
Blend EBM+MLP (better model),84,0.45232517983860243
Blend EBM+MLP (better model),85,0.44859554205987695
Blend EBM+MLP (better model),86,0.4510690125167495
Blend EBM+MLP (better model),87,0.4466242833772207
Blend EBM+MLP (better model),88,0.45260003231393736
Blend EBM+MLP (better model),89,0.4512401613031821
Blend EBM+MLP (better model),90,0.45227171884313533
Blend EBM+MLP (better model),91,0.4503897640870436
Blend EBM+MLP (better model),92,0.44970708116242103
Blend EBM+MLP (better model),93,0.45024330669753104
Blend EBM+MLP (better model),94,0.45205103470360575
Blend EBM+MLP (better model),95,0.453264850038844
Blend EBM+MLP (better model),96,0.45070314691379654
Blend EBM+MLP (better model),97,0.45091439593541366
Blend EBM+MLP (better model),98,0.45140985412708473
Blend EBM+MLP (better model),99,0.45176045193436637
Blend EBM+MLP (better model),100,0.449731523625335
Blend EBM+MLP (better model),101,0.45097457356512693
