Model,Train log loss,Validation log loss,Test log loss
Logistic Regression,0.46204519474383127,0.4564407260703176,0.4590317451948424
Decision Tree,0.44285007249756986,0.5011808488075165,0.5198343806474596
Random Forest,0.3915808752455195,0.45058577332415634,0.4467763513324615
Gradient Boosting,0.43569414474583706,0.4596216812597589,0.4590458627928903
XGBoost,0.4173503952153978,0.45869164076435154,0.45608919818572685
SVC (linear),0.4135604372954139,0.40873295616502214,0.40678994073520186
SVC (rbf),0.38754810305595105,0.4251559484659264,0.4190797604501203
k-NN,0.40628524856318776,0.4268505652030309,0.4294309708177611
Naive Bayes,0.6541556356369461,0.6747603392663216,0.6567731443188899
Perceptron (averaged),0.4655912712974338,0.4626303616935126,0.46262762427852544
Single-Layer Perceptron,0.4628237930249492,0.4575720140727392,0.46041794302300343
MLP,0.4570288331691917,0.4612934943256298,0.46106429073253746
EBM (additive),0.4607672542632316,0.4571373299914477,0.45917551380483773
Stacking (5 bases),0.4107041227210306,0.40886731144836247,0.4077916566742317
Blend EBM+MLP (better model),0.45546409961202994,0.45803056458080293,0.4581958998730191
