Model,test_accuracy,test_accuracy@0.5
Logistic Regression,0.7505219206680585,0.8131524008350731
Decision Tree,0.5897703549060542,0.784446764091858
Random Forest,0.6200417536534447,0.8277661795407099
Gradient Boosting,0.5819415448851775,0.8183716075156576
XGBoost,0.5448851774530271,0.8209812108559499
Naive Bayes,0.6826722338204593,0.7390396659707724
Perceptron (averaged),0.5245302713987474,0.8262004175365344
Single-Layer Perceptron,0.6941544885177453,0.8115866388308977
MLP,0.7124217118997912,0.819937369519833
EBM (additive),0.5266179540709812,0.8126304801670147
Blend EBM+MLP (better model),0.6998956158663883,0.8188935281837161
