Model,test_precision,test_recall,test_f1
Logistic Regression,0.30648769574944074,0.4491803278688525,0.36436170212765956
Decision Tree,0.22067363530778164,0.6229508196721312,0.3259005145797599
Random Forest,0.24425634824667472,0.6622950819672131,0.3568904593639576
Gradient Boosting,0.2367303609341826,0.7311475409836066,0.35765838011226947
XGBoost,0.22233104799216455,0.7442622950819672,0.34238310708898945
Naive Bayes,0.2504118616144975,0.49836065573770494,0.3333333333333333
Perceptron (averaged),0.22454545454545455,0.8098360655737705,0.3516014234875445
Single-Layer Perceptron,0.28149300155520995,0.5934426229508196,0.3818565400843882
MLP,0.2901023890784983,0.5573770491803278,0.38159371492704824
EBM (additive),0.22536496350364962,0.8098360655737705,0.3526052819414704
Blend EBM+MLP (better model),0.2890625,0.6065573770491803,0.3915343915343915
