Model,sensitivity (recall),specificity (TNR),balanced accuracy
Logistic Regression,0.8622950819672132,0.36995654872749845,0.6161258153473558
Decision Tree,0.9081967213114754,0.18435754189944134,0.5462771316054584
Random Forest,0.8360655737704918,0.41464928615766605,0.625357429964079
Gradient Boosting,0.8163934426229508,0.4605834885164494,0.6384884655697001
XGBoost,0.7442622950819672,0.5071384233395406,0.625700359210754
SVC (linear),0.8885245901639345,0.3047796399751707,0.5966521150695526
SVC (rbf),0.8622950819672132,0.30726256983240224,0.5847788258998077
k-NN,0.7672131147540984,0.4351334574798262,0.6011732861169623
Naive Bayes,0.8327868852459016,0.3960273122284296,0.6144070987371656
Perceptron (averaged),0.8622950819672132,0.37678460583488516,0.6195398439010491
Single-Layer Perceptron,0.8655737704918033,0.35940409683426444,0.6124889336630339
MLP,0.9114754098360656,0.27932960893854747,0.5954025093873065
EBM (additive),0.8688524590163934,0.35567970204841715,0.6122660805324053
Stacking (5 bases),0.8622950819672132,0.3755431409062694,0.6189191114367413
Blend EBM+MLP (better model),0.9147540983606557,0.2780881440099317,0.5964211211852937
