n_trees,test_r2
0,-0.0012874075358952908
1,0.06193974144979153
2,0.12065515666385696
3,0.172556683502189
4,0.22028940500916516
5,0.2631348850502315
6,0.3019989527414957
7,0.33762357742774507
8,0.3699369262083554
9,0.3998419912590141
10,0.42691168373005395
11,0.4520258369550435
12,0.4744913245433906
13,0.4950557420076078
14,0.5128651616495578
15,0.5294465858420538
16,0.5442046269217011
17,0.5581445736439596
18,0.5709784801381121
19,0.5825028995827034
20,0.5925340121627105
21,0.6019223148228805
22,0.610613436903834
23,0.6189224604472745
24,0.6265438751113155
25,0.6330019339369628
26,0.6389964588420787
27,0.6451257972139992
28,0.6503946079598819
29,0.6557335625926395
30,0.6605184311554307
31,0.6643344755634875
32,0.668795978418611
33,0.6730830782726698
34,0.6763762934551942
35,0.6799112345222756
36,0.6833640957603151
37,0.6859374672831474
38,0.6888841476477616
39,0.6917692243438835
40,0.6938211710384761
41,0.6962865147964528
42,0.6985874031425804
43,0.7009522321794142
44,0.7034434913596679
45,0.7051330572285162
46,0.706768167507764
47,0.7090120311548249
48,0.7104456174616267
49,0.7116287199691769
50,0.7129832515599253
51,0.7143120112201817
52,0.7151852173478094
53,0.7167018187357586
54,0.717578148273476
55,0.7190370692062384
56,0.7200798903684666
57,0.7213769284233009
58,0.7224779754834052
59,0.7237863975841426
60,0.724749242869076
61,0.725876282854784
62,0.7272171292283758
63,0.7280729240212702
64,0.7291571085924919
65,0.7301957952067667
66,0.7309937283774677
67,0.731743700878098
68,0.7328308205926822
69,0.7336384070092432
70,0.7340130078768641
71,0.7345829557483231
72,0.7353632365384433
73,0.7359964030464685
74,0.7366888073765807
75,0.73729726525331
76,0.7380639143059762
77,0.7386523816725061
78,0.7392553187197468
79,0.7400720059297818
80,0.7406335793111382
81,0.7409845646240336
82,0.7415181493581655
83,0.7417087429593554
84,0.7421106329259928
85,0.7426046343464097
86,0.7429161360617913
87,0.7433802944909158
88,0.7440181470146079
89,0.7445291362435922
90,0.7448123641226931
91,0.7451612263265808
92,0.7454882285577172
93,0.7457998515386308
94,0.7463229186597916
95,0.7464558634353983
96,0.7467494158065227
97,0.7469212248019703
98,0.7470618823767672
99,0.7473186972193591
100,0.7476127213083368
101,0.7480295842644558
102,0.7482965430285358
103,0.748757301252982
104,0.7492700475567511
105,0.7493319990303435
106,0.7495772222921684
107,0.749747777673394
108,0.7500295266769249
109,0.7500630159255794
110,0.7502155529915638
111,0.750232018924105
112,0.7504682902200086
113,0.7507042110538107
114,0.7507935915899968
115,0.7509252779181462
116,0.7510142374069141
117,0.7512495085082807
118,0.7513666376374206
119,0.7514201652074843
120,0.7516466008439244
121,0.7517491597841686
122,0.7519804939243309
123,0.7519704025992833
124,0.7522261271011367
125,0.7524364812143362
126,0.7525343047395611
127,0.7527483371966677
128,0.7526789426614982
129,0.7526377983120444
130,0.7522864701835317
131,0.7524299190266223
132,0.752562337452696
133,0.7526834591458147
134,0.7528516843019175
135,0.7528044747443893
136,0.752952551068688
137,0.7530996596170939
138,0.7532046004409774
139,0.7533199690538184
140,0.7535552520284513
141,0.753761398401168
142,0.753964249003814
143,0.7539781523970044
144,0.754009617021888
145,0.754209435604031
146,0.7541923823276463
147,0.754257523019134
148,0.7540153993159239
149,0.754089747801983
150,0.7543929075001431
151,0.7543573667632651
152,0.7544923048744279
153,0.7544659423149846
154,0.7545149092712627
155,0.7546615950878205
156,0.7548650187683521
157,0.7550404642945677
158,0.755048089490039
159,0.7551449646095291
160,0.7550966357761633
161,0.7551904747142189
162,0.7553322258147646
163,0.7555719925978354
164,0.7555449495726231
165,0.7556971288964269
166,0.7554930827497784
167,0.7554224041804585
168,0.7554998205010954
169,0.7556306705205444
170,0.7557132285997692
171,0.7557485064581634
172,0.7558331898543884
173,0.7558901958869012
174,0.7560528757919261
175,0.7560929995266246
176,0.7561318020834712
177,0.7563460483152622
178,0.7563727937214323
179,0.756190089307514
180,0.7563003684559841
181,0.7563219359218561
182,0.7563119371681505
183,0.7563759307561746
184,0.7565054728606405
185,0.7564926235411571
186,0.7566335167189386
187,0.7567762071462107
188,0.7568695721891234
189,0.7569211714469992
190,0.7569455492716307
191,0.7569699555223962
192,0.7570591123184572
193,0.7570739310657154
194,0.7570544477675112
195,0.7569075445845118
196,0.7571553569721006
197,0.7573201009254041
198,0.7574374781801008
199,0.7575562487687775
200,0.7576965410554982
201,0.7575695154601111
202,0.7575795258766201
203,0.7574891934709886
204,0.7573617195275874
205,0.7574542969173584
206,0.757454687950968
207,0.7576008468029772
208,0.7575826422779653
209,0.7574986299183317
210,0.7574862650340739
211,0.7575954496010606
212,0.7576819842501944
213,0.7576643812147054
214,0.7576812149844236
215,0.7577538266024981
216,0.7577520110312554
217,0.7578934280856408
218,0.757820919502468
219,0.7577910351115713
220,0.7578542244452962
221,0.7578601544807572
222,0.757827516530204
223,0.7577796663169384
224,0.757931002208863
225,0.7579256096168127
226,0.757773767844316
227,0.7577528481433877
228,0.7578102407341871
229,0.7577793300343099
230,0.7577858484887396
231,0.7576781327554263
232,0.7577579225379719
233,0.757822617825324
234,0.7581852339154386
235,0.7581926974384352
236,0.7582139775666825
237,0.7582733888586682
238,0.7582064695659236
239,0.7581401917245124
240,0.7581204868662345
241,0.7579962709653318
242,0.7581689244397665
243,0.7580155231866061
244,0.7580387828429285
245,0.7579805579648523
246,0.7579122831716452
247,0.7579852527133376
248,0.7579396318764651
249,0.7577738644853392
250,0.7578117845619724
251,0.757743010620388
252,0.7578656308400121
253,0.7580574994147468
254,0.7580924650014866
255,0.7580922846372611
256,0.7581945768467349
257,0.7581668359008606
258,0.7581956812227935
259,0.7581516216202645
260,0.7581271503366721
261,0.7580545056078695
262,0.7579338863154288
263,0.757871125234153
264,0.7578565212536452
265,0.7579366040761273
266,0.7580102396546006
267,0.7580149195094086
268,0.7581302045259624
269,0.7580376866004581
270,0.7579911926736281
271,0.7580492709561523
272,0.7580317506396502
273,0.7580180406826392
274,0.7581085107696685
275,0.7580952086657777
276,0.758077947789763
277,0.758006004716377
278,0.7580330771991711
279,0.757992653201717
280,0.7580975920824379
281,0.7582487967550886
282,0.7583662084590428
283,0.7583031968047724
284,0.758436418513396
285,0.7585320163843895
286,0.758607938622964
287,0.7585962526877406
288,0.7586358437530476
289,0.7586591510054489
290,0.7586776116667227
291,0.7586861910317474
292,0.758721755750944
293,0.7586717883191113
294,0.7586632575570877
295,0.7587358437293054
296,0.75872783592613
297,0.7587200602192806
298,0.7587060738869482
299,0.7587268208248517
300,0.7587104678965066
301,0.7587283171706143
302,0.7586835758537877
303,0.758720108162653
304,0.7587322702372425
305,0.7587327814776625
306,0.7587548662776616
307,0.7587497059606484
308,0.758732071526301
309,0.7588167724898454
310,0.7588993868576112
311,0.7587887552407737
312,0.7588967726827844
313,0.7589631325042554
314,0.7589499251934364
315,0.758834983717139
316,0.7588352643015555
317,0.758792735763164
318,0.7587972461079995
319,0.7588620823664676
320,0.7588251028945514
321,0.7588278852077925
322,0.7588217399695814
323,0.7587765488960857
324,0.7587976003894004
325,0.7588346942020413
326,0.7587128709946738
327,0.7587876588412252
328,0.758855148908113
329,0.7588411085765608
330,0.7589756672086636
331,0.7590171482597334
332,0.7590147231101997
333,0.7591598093069264
334,0.75910580236493
335,0.7591002224061292
336,0.759202078342732
337,0.7592567184810313
338,0.759296331730545
339,0.7593422444780589
340,0.7594264555590386
341,0.7591711094705731
342,0.7591316318606098
343,0.7591407794592402
344,0.7591915616565843
345,0.7592225875350385
346,0.759432372512266
347,0.7594395323887004
348,0.7593964275546611
349,0.7592889792067294
350,0.7594722409363305
351,0.7595880460573143
352,0.7595755673627346
353,0.7596363100769853
354,0.7597719049230168
355,0.7598021808042694
356,0.759743390232775
357,0.7597502342524918
358,0.7599165682461179
359,0.7599543047376405
360,0.759922106122327
361,0.7600877921872342
362,0.7600897963320196
363,0.7600479811172169
364,0.7601644217780863
365,0.7602409912145784
366,0.7602691158299455
367,0.7603260840803475
368,0.7603511709056956
369,0.760283280999253
370,0.7602803937442596
371,0.7601979399407477
372,0.7601674303413556
373,0.7601374581394544
374,0.7600046474492732
375,0.7599980000944526
376,0.7599926952454605
377,0.759995101535826
378,0.7600222956856698
379,0.7600292197281172
380,0.7601028251378787
381,0.7602144394406811
382,0.7601674711699449
383,0.7602547488092957
384,0.7602166157985534
385,0.7603781186278402
386,0.7604304581854835
387,0.7603789604331072
388,0.760358880898566
389,0.7602705033735986
390,0.7603653727469921
391,0.7603551811803125
392,0.7604084670640497
393,0.760349018643856
394,0.7604038177562731
395,0.7604655704855399
396,0.7604359709320446
397,0.7604663905899207
398,0.7604575969537355
399,0.7604119858372682
400,0.7602875026776481
401,0.760440640280822
402,0.7605342690338828
403,0.7605309736503217
404,0.7604812665492277
405,0.7604635186786763
406,0.7604071916823653
407,0.7604468588985
408,0.7605524871172296
409,0.7605599440359936
410,0.7605349131109551
411,0.76056584115165
412,0.7605200263728985
413,0.7605333803723657
414,0.7605595900656701
415,0.7605429710506647
416,0.7604741607708612
417,0.7604987008467028
418,0.7605162145486752
419,0.7606435515894361
420,0.7604987602523599
421,0.7605283993056771
422,0.7604462640428556
423,0.7605041901219307
424,0.7605553272288467
425,0.7604776505003229
426,0.760510228519897
427,0.7605576917328085
428,0.7605033356319475
429,0.7604843502905827
430,0.7602010033377067
431,0.7602180304241224
432,0.7602374328158337
433,0.76028354769958
434,0.7601812034482116
435,0.7601845843598086
436,0.7601872293991124
437,0.7601392969733363
438,0.7600934816424448
439,0.7600580187382848
440,0.7600373927877855
441,0.7600009331362012
442,0.7601017430552937
443,0.7602747573937614
444,0.7602713564985786
445,0.7603316240503355
446,0.7603257288363459
447,0.7602560031120704
448,0.7602473881280737
449,0.7602806386888937
450,0.7602611443625645
451,0.7602575722518198
452,0.7602435105101075
453,0.7602090039742249
454,0.760159186332627
455,0.7600881248237132
456,0.7601324382040264
457,0.7601429319385313
458,0.7600473307971267
459,0.760050021328144
460,0.760061099338472
461,0.7601318362800717
462,0.7600884850126649
463,0.7601339180488536
464,0.7602517801987074
465,0.7599045838134055
466,0.7598439173867988
467,0.759813398392299
468,0.7598291249963616
469,0.7598001521167228
470,0.7598423320002312
471,0.75984869618781
472,0.7597012328758396
473,0.7597543778235544
474,0.7597292080494507
475,0.7597395805228597
476,0.7598237122791012
477,0.7600017944412946
478,0.7600256118196117
479,0.7600244550543745
480,0.7599745574750498
481,0.7600187934839308
482,0.7600229467625277
483,0.7600660408956481
484,0.7600815000670341
485,0.7599994770954519
486,0.7600230174529956
487,0.7600247297413399
488,0.7600581655144695
489,0.7599373158091562
490,0.7599667444593633
491,0.7599563303990365
492,0.759884136561975
493,0.7599149854586696
494,0.7599475006932325
495,0.759895122438448
496,0.7599256208170091
497,0.7599997542424599
498,0.760006454388876
499,0.7598998431199206
500,0.7598333192870643
501,0.7598093978681077
502,0.7598385046823062
503,0.7597789848620813
504,0.7598852331986232
505,0.7598980555370725
506,0.7599509097061385
507,0.760014608619406
508,0.760035371797198
509,0.7601311730774861
510,0.7600181200514626
511,0.7599283732265907
512,0.7599680571264904
513,0.7599223566393064
514,0.7600051825201684
515,0.7599959792119454
516,0.7600408230918979
517,0.7600408473812537
518,0.7600414636505841
519,0.7600697859635335
520,0.7601299497633621
521,0.7602445592410431
522,0.7603328280381892
523,0.760272640508409
524,0.760287442282276
525,0.7601833231784599
526,0.760157400367076
527,0.7601704299097858
528,0.7601127183864869
529,0.760100521844129
530,0.7601435050454851
531,0.7602848134721102
532,0.760274468917554
533,0.760217099135863
534,0.7601509961987368
535,0.760014927060988
536,0.7600088894461801
537,0.7599811291088105
538,0.7601149649937597
539,0.7600738961733178
540,0.7600772900360093
541,0.7600790121603238
542,0.7600837353713374
543,0.7601140302174401
544,0.7600805746096069
545,0.7600582813718577
546,0.7600444650215628
547,0.760040154264013
548,0.7600665846564061
549,0.760002238212552
550,0.7598534646794284
551,0.7599211845313891
552,0.7599833153345442
553,0.7599583546246989
554,0.7599430136792147
555,0.7599869724675518
556,0.7598761070169434
557,0.7599303819604104
558,0.7598882399519563
559,0.7598728961780505
560,0.759838218282261
561,0.7598092678053568
562,0.7598238483150714
563,0.7597001341814731
564,0.759755781790979
565,0.7597246323723528
566,0.7597216956572125
567,0.7597204048974523
568,0.7597255796635717
569,0.7597632434141647
570,0.7599147481068835
571,0.7598828143718179
572,0.7598706958832403
573,0.7599279060909012
574,0.7599212010575643
575,0.7599858789946032
576,0.7599416727511618
577,0.7599304811235266
578,0.7599940804390253
579,0.7599397175836844
580,0.7599776937809641
581,0.7600020396013567
582,0.7599488349756708
583,0.7599149193737991
584,0.7598600218909133
585,0.7598336435619593
586,0.7598672285237291
587,0.7599520544823398
588,0.7598968448034686
589,0.7598303502599556
590,0.7599429680025029
591,0.7599171473660395
592,0.7599064059383446
593,0.7599127224270822
594,0.7599023120938948
595,0.759851134143393
596,0.7598324383438673
597,0.7597742467368178
598,0.7598313911613388
599,0.7597602311072502
600,0.7597760818157351
