feature,gradient_boosting_gain_share,multiple_linear_std_coef,gradient_boosting_permutation
fico,0.5892070706198214,0.01881336637154036,0.0006719196801080184
installment,0.18491289220584176,0.009593181767963022,0.00017043359497141862
revol.util,0.03839912228755624,4.191213906113496e-05,5.930670052154945e-05
dti,0.03470367033881013,0.0010117701518099417,2.7222941639517053e-05
inq.last.6mths,0.03349142324510521,0.0013647554237204108,1.914485991326068e-05
purpose_small_business,0.030797108284696614,0.003946414886110392,3.851407121133072e-05
years_with_cr_line,0.02984617111416457,0.0004071779020101282,1.4558041535023315e-05
installment_to_income,0.020100942849308044,0.0005706938678141173,2.20284650158898e-07
revol.bal,0.018230558241819284,0.0008354643703036296,1.760931715321625e-05
log.annual.inc,0.011275269051018109,0.0010399352390770705,6.692305730104537e-07
credit.policy,0.0038757518850506185,0.0011969267782750953,2.3106763092766987e-06
purpose_debt_consolidation,0.001100087941779288,0.0008009362019791455,2.41005548817274e-07
delinq.2yrs,0.001086256786449839,0.0004081281573383526,-1.259509181745686e-07
purpose_credit_card,0.0008303033999111555,0.0012483609391655435,7.71109375584595e-07
purpose_major_purchase,0.0006531883684796908,0.0003830688530245053,7.807148765674594e-07
bad_history_flag,0.0004185605210818383,0.0003775447368291126,1.8400664123998178e-07
pub.rec,0.0004113689614240427,7.75114730009032e-05,5.600204403206772e-08
purpose_home_improvement,0.00035815910684615674,0.0004675651354003452,2.6587435012216e-07
purpose_educational,0.0002764234386936078,6.897441331622061e-05,-3.6604443264616395e-08
high_revol_util,2.5671352142294056e-05,0.002880251495751574,-3.6019093966576546e-09
