feature,weight_per_1SD
risk_score,0.13688736792650796
credit.policy,0.1076330627337156
fico,0.08263316136294965
purpose_debt_consolidation,0.07102676516233293
log.annual.inc,0.0675367498972454
purpose_credit_card,0.06601671065849324
policy_inquiry_risk,0.06495497153347435
fico_int_rate_ratio,0.05537307264026427
purpose_small_business,0.04852410949883563
installment,0.04622983250782627
installment_to_inc,0.03142897476638334
delinq.2yrs,0.03129109336302486
purpose_major_purchase,0.029093996790943173
inq.last.6mths,0.0264103499887346
purpose_home_improvement,0.02385956914226761
pub.rec,0.020859852432561953
inq_per_credit_age,0.020038526196110344
revol_stress,0.01851875713779596
policy_fico_mismatch,0.01184702469520249
revol.util,0.010865843325072443
revol_bal_to_inc,0.008429996040803299
days.with.cr.line,0.004975300093904672
revol.bal,0.004594781589008031
util_fico_mismatch,0.004259738077964444
purpose_educational,0.003622685572312767
dti,0.0026832021001757284
int.rate,0.0004045047660889308
