feature,importance
fico_int_rate_ratio,0.21463997653290426
int.rate,0.1519934857498785
purpose_debt_consolidation,0.07236373568549252
installment,0.06726094214792182
log.annual.inc,0.06595514937518272
risk_score,0.058042726287554185
fico,0.05433213184908364
policy_inquiry_risk,0.05199556501000286
inq.last.6mths,0.043460061559414835
purpose_credit_card,0.043222505694195605
credit.policy,0.029151263465672178
purpose_small_business,0.01908202496323978
revol.bal,0.018936716760918598
purpose_major_purchase,0.01639586285288661
inq_per_credit_age,0.01493180141709724
delinq.2yrs,0.012707924900797567
installment_to_inc,0.009076938637878878
purpose_home_improvement,0.00874949264302685
pub.rec,0.008179952714596867
util_fico_mismatch,0.007251866830930253
days.with.cr.line,0.006528968456299399
revol.util,0.006228092144164429
revol_bal_to_inc,0.005701890773108736
dti,0.0049379021179711165
revol_stress,0.0037711228934808067
policy_fico_mismatch,0.002979515860433435
purpose_educational,0.0021223826758664565
