Model,chosen_threshold,val_f1.5,threshold_rule,test_logloss,test_accuracy,test_precision,test_recall,test_f1,test_roc_auc,test_pr_auc,test_tn,test_fp,test_fn,test_tp,test_threshold,test_threshold_auto_selected,test_accuracy@0.5,test_precision@0.5,test_recall@0.5,test_f1@0.5,test_recall@f1_rule,test_precision@f1_rule,test_recall@youden_rule,test_precision@youden_rule,test_specificity,test_balanced_accuracy,test_missed_defaulters,val_logloss
Logistic Regression,0.2207014355199122,0.43109677419354836,f1.5,0.4590317451948424,0.44832985386221297,0.20579029733959311,0.8622950819672132,0.3322804801010739,0.7067313856580273,0.29664465609977253,596,1015,42,263,0.2207014355199122,False,0.8131524008350731,0.3468208092485549,0.19672131147540983,0.2510460251046025,0.4491803278688525,0.30648769574944074,0.8426229508196721,0.21965811965811965,0.36995654872749845,0.6161258153473558,42,0.4564407260703176
Decision Tree,0.15731325301204818,0.4054384017758047,f1.5,0.5198343806474596,0.29958246346555323,0.17410433689503457,0.9081967213114754,0.2921940928270042,0.632484659767378,0.23138634080374182,297,1314,28,277,0.15731325301204818,False,0.784446764091858,0.275,0.21639344262295082,0.24220183486238533,0.6229508196721312,0.22067363530778164,0.6229508196721312,0.22067363530778164,0.18435754189944134,0.5462771316054584,28,0.5011808488075165
Random Forest,0.23488173932793427,0.4184473897754936,f1.5,0.4467763513324615,0.48173277661795405,0.21285475792988315,0.8360655737704918,0.3393213572854291,0.6883699158449593,0.27157883613246686,668,943,50,255,0.23488173932793427,False,0.8277661795407099,0.323943661971831,0.07540983606557378,0.12234042553191489,0.6622950819672131,0.24425634824667472,0.6622950819672131,0.24425634824667472,0.41464928615766605,0.625357429964079,50,0.45058577332415634
Gradient Boosting,0.26589541367326647,0.42001138627953316,f1.5,0.4590458627928903,0.517223382045929,0.22271914132379247,0.8163934426229508,0.3499648629655657,0.6928259608633269,0.279004327093507,742,869,56,249,0.26589541367326647,False,0.8183716075156576,0.33070866141732286,0.1377049180327869,0.19444444444444445,0.7311475409836066,0.2367303609341826,0.7311475409836066,0.2367303609341826,0.4605834885164494,0.6384884655697001,56,0.4596216812597589
XGBoost,0.26169031573003504,0.4148523710110349,f1.5,0.45608919818572685,0.5448851774530271,0.22233104799216455,0.7442622950819672,0.34238310708898945,0.6844908467401369,0.27838368512859946,817,794,78,227,0.26169031573003504,False,0.8209812108559499,0.3602941176470588,0.16065573770491803,0.2222222222222222,0.7442622950819672,0.22233104799216455,0.7442622950819672,0.22233104799216455,0.5071384233395406,0.625700359210754,78,0.45869164076435154
SVC (linear),0.10045543042005645,0.427313321756388,f1.5,0.40678994073520186,0.3977035490605428,0.19482386772106397,0.8885245901639345,0.31957547169811323,0.7006461723194025,0.292083270010432,491,1120,34,271,0.10045543042005645,False,0.8413361169102297,0.5555555555555556,0.01639344262295082,0.03184713375796178,0.7377049180327869,0.24944567627494457,0.760655737704918,0.236976506639428,0.3047796399751707,0.5966521150695526,34,0.40873295616502214
SVC (rbf),0.11813831649348888,0.40836851254035256,f1.5,0.4190797604501203,0.395615866388309,0.19071791153009426,0.8622950819672132,0.31235154394299286,0.660495975414924,0.2623530176437783,495,1116,42,263,0.11813831649348888,False,0.8408141962421712,0.0,0.0,0.0,0.7704918032786885,0.21190261496844004,0.7704918032786885,0.21190261496844004,0.30726256983240224,0.5847788258998077,42,0.4251559484659264
k-NN,0.13059444046639795,0.41443555064863374,f1.5,0.4294309708177611,0.4879958246346555,0.20454545454545456,0.7672131147540984,0.32298136645962733,0.6500554588841062,0.25912941181884475,701,910,71,234,0.13059444046639795,False,0.8408141962421712,0.0,0.0,0.0,0.7475409836065574,0.20994475138121546,0.7475409836065574,0.20994475138121546,0.4351334574798262,0.6011732861169623,71,0.4268505652030309
Naive Bayes,0.036331793006046956,0.41890812250332893,f1.5,0.6567731443188899,0.46555323590814196,0.20700896495517523,0.8327868852459016,0.33159268929503916,0.6756194604715532,0.2629002810089052,638,973,51,254,0.036331793006046956,False,0.7390396659707724,0.2695035460992908,0.3737704918032787,0.3131868131868132,0.49836065573770494,0.2508250825082508,0.8327868852459016,0.20700896495517523,0.3960273122284296,0.6144070987371656,51,0.6747603392663216
Perceptron (averaged),0.24023375919790302,0.42725383216419854,f1.5,0.46262762427852544,0.45407098121085593,0.20757695343330704,0.8622950819672132,0.3346055979643766,0.6912741297025572,0.29311285261391967,607,1004,42,263,0.24023375919790302,False,0.8262004175365344,0.37719298245614036,0.14098360655737704,0.2052505966587112,0.8098360655737705,0.22454545454545455,0.8098360655737705,0.22454545454545455,0.37678460583488516,0.6195398439010491,42,0.4626303616935126
Single-Layer Perceptron,0.22065305057254914,0.4339984650805833,f1.5,0.46041794302300343,0.43997912317327764,0.2037037037037037,0.8655737704918033,0.3297938788257339,0.7049668773086668,0.2969651189555471,579,1032,41,264,0.22065305057254914,False,0.8115866388308977,0.3409090909090909,0.19672131147540983,0.2494802494802495,0.5934426229508196,0.28149300155520995,0.8098360655737705,0.22828096118299446,0.35940409683426444,0.6124889336630339,41,0.4575720140727392
MLP,0.21427316971322746,0.430505197002659,f1.5,0.46106429073253746,0.37995824634655534,0.1931897150799166,0.9114754098360656,0.31880733944954126,0.7089334595150146,0.29674459358994115,450,1161,27,278,0.21427316971322746,False,0.819937369519833,0.34615384615384615,0.14754098360655737,0.20689655172413793,0.5573770491803278,0.2901023890784983,0.5573770491803278,0.2901023890784983,0.27932960893854747,0.5954025093873065,27,0.4612934943256298
EBM (additive),0.22106251846911606,0.4323356357124584,f1.5,0.45917551380483773,0.4373695198329854,0.20337682271680738,0.8688524590163934,0.32960199004975127,0.7052721555698018,0.29554065367789417,573,1038,40,265,0.22106251846911606,False,0.8126304801670147,0.3430232558139535,0.19344262295081968,0.24737945492662475,0.8098360655737705,0.22536496350364962,0.8098360655737705,0.22536496350364962,0.35567970204841715,0.6122660805324053,40,0.4571373299914477
Stacking (5 bases),0.11479630317341477,0.4328841668826121,f1.5,0.4077916566742317,0.453027139874739,0.20724980299448384,0.8622950819672132,0.3341804320203304,0.7024941233934732,0.29436149890423696,605,1006,42,263,0.11479630317341477,False,0.8402922755741128,0.4444444444444444,0.013114754098360656,0.025477707006369428,0.6065573770491803,0.2744807121661721,0.8622950819672132,0.20972886762360446,0.3755431409062694,0.6189191114367413,42,0.40886731144836247
Blend EBM+MLP (better model),0.2072463530142568,0.4328106151990351,f1.5,0.4581958998730191,0.3794363256784969,0.19348127600554785,0.9147540983606557,0.31940469376073266,0.7095379104720619,0.2972632166268492,448,1163,26,279,0.2072463530142568,False,0.8188935281837161,0.3581081081081081,0.1737704918032787,0.23399558498896247,0.6131147540983607,0.28205128205128205,0.8360655737704918,0.22566371681415928,0.2780881440099317,0.5964211211852937,26,0.45803056458080293
