Model,chosen_threshold,val_f1.5,threshold_rule,test_logloss,test_accuracy,test_precision,test_recall,test_f1,test_roc_auc,test_pr_auc,test_tn,test_fp,test_fn,test_tp,test_threshold,test_threshold_auto_selected,test_accuracy@0.5,test_precision@0.5,test_recall@0.5,test_f1@0.5,thr_f1_rule,test_recall@f1_rule,test_precision@f1_rule,thr_youden_rule,test_recall@youden_rule,test_precision@youden_rule,test_specificity,test_balanced_accuracy,test_missed_defaulters,train_logloss,val_logloss,CV ROC-AUC mean,CV ROC-AUC std,CV PR-AUC mean,CV PR-AUC std,CV recall@f1.5 mean,CV recall@f1.5 std,PR-AUC gain vs best taught model,ROC-AUC gain vs best taught model,PR-AUC gain vs random,recall gain vs plain 0.5
Logistic Regression,0.2207014355199122,0.43109677419354836,f1.5,0.4590317451948424,0.44832985386221297,0.20579029733959311,0.8622950819672132,0.3322804801010739,0.7067313856580273,0.29664465609977253,596,1015,42,263,0.2207014355199122,False,0.8131524008350731,0.3468208092485549,0.19672131147540983,0.2510460251046025,0.37838855207733413,0.4491803278688525,0.30648769574944074,0.24103888498634718,0.8426229508196721,0.21965811965811965,0.36995654872749845,0.6161258153473558,42,0.46204519474383127,0.4564407260703176,0.6772333851736322,0.016748949096269252,0.2827173063477772,0.013676694383423232,0.7430329352153455,0.11039839581442414,0.0,0.0,0.13745885234194372,0.6655737704918033
Decision Tree,0.15731325301204818,0.4054384017758047,f1.5,0.5198343806474596,0.29958246346555323,0.17410433689503457,0.9081967213114754,0.2921940928270042,0.632484659767378,0.23138634080374182,297,1314,28,277,0.15731325301204818,False,0.784446764091858,0.275,0.21639344262295082,0.24220183486238533,0.2575140562248996,0.6229508196721312,0.22067363530778164,0.2575140562248996,0.6229508196721312,0.22067363530778164,0.18435754189944134,0.5462771316054584,28,0.44285007249756986,0.5011808488075165,0.6299808866105568,0.01948969710294984,0.23692522719062778,0.00946949201329263,0.7906410338293841,0.13562141550045836,-0.06525831529603071,-0.07424672589064929,0.072200537045913,0.6918032786885246
Random Forest,0.23488173932793427,0.4184473897754936,f1.5,0.4467763513324615,0.48173277661795405,0.21285475792988315,0.8360655737704918,0.3393213572854291,0.6883699158449593,0.27157883613246686,668,943,50,255,0.23488173932793427,False,0.8277661795407099,0.323943661971831,0.07540983606557378,0.12234042553191489,0.28129921284114917,0.6622950819672131,0.24425634824667472,0.28129921284114917,0.6622950819672131,0.24425634824667472,0.41464928615766605,0.625357429964079,50,0.3915808752455195,0.45058577332415634,0.671472617904924,0.020299646637425714,0.27807348530290965,0.009361757706832959,0.728023674181942,0.08331998851705388,-0.02506581996730567,-0.018361469813067965,0.11239303237463805,0.7606557377049181
Gradient Boosting,0.26589541367326647,0.42001138627953316,f1.5,0.4590458627928903,0.517223382045929,0.22271914132379247,0.8163934426229508,0.3499648629655657,0.6928259608633269,0.279004327093507,742,869,56,249,0.26589541367326647,False,0.8183716075156576,0.33070866141732286,0.1377049180327869,0.19444444444444445,0.2856743809468906,0.7311475409836066,0.2367303609341826,0.2856743809468906,0.7311475409836066,0.2367303609341826,0.4605834885164494,0.6384884655697001,56,0.43569414474583706,0.4596216812597589,0.6691667692450676,0.018790593755647973,0.2762044779473481,0.01731847454374045,0.7155734389304038,0.0733148183486366,-0.017640329006265554,-0.01390542479470036,0.11981852333567816,0.6786885245901639
XGBoost,0.26169031573003504,0.4148523710110349,f1.5,0.45608919818572685,0.5448851774530271,0.22233104799216455,0.7442622950819672,0.34238310708898945,0.6844908467401369,0.27838368512859946,817,794,78,227,0.26169031573003504,False,0.8209812108559499,0.3602941176470588,0.16065573770491803,0.2222222222222222,0.26169031573003504,0.7442622950819672,0.22233104799216455,0.26169031573003504,0.7442622950819672,0.22233104799216455,0.5071384233395406,0.625700359210754,78,0.4173503952153978,0.45869164076435154,0.6717547432404737,0.017877798754324794,0.27935861392993966,0.018661819005258564,0.7541930127099701,0.09158371493028811,-0.018260970971173074,-0.02224053891789035,0.11919788137077064,0.5836065573770491
SVC (linear),0.10045543042005645,0.427313321756388,f1.5,0.40678994073520186,0.3977035490605428,0.19482386772106397,0.8885245901639345,0.31957547169811323,0.7006461723194025,0.292083270010432,491,1120,34,271,0.10045543042005645,False,0.8413361169102297,0.5555555555555556,0.01639344262295082,0.03184713375796178,0.13964362049214935,0.7377049180327869,0.24944567627494457,0.13253523978666254,0.760655737704918,0.236976506639428,0.3047796399751707,0.5966521150695526,34,0.4135604372954139,0.40873295616502214,0.6749205832793779,0.019090260151923243,0.2818222327394353,0.01785534088864427,0.7572097677290242,0.10977284504332722,-0.004561386089340536,-0.006085213338624773,0.13289746625260318,0.8721311475409836
SVC (rbf),0.11813831649348888,0.40836851254035256,f1.5,0.4190797604501203,0.395615866388309,0.19071791153009426,0.8622950819672132,0.31235154394299286,0.660495975414924,0.2623530176437783,495,1116,42,263,0.11813831649348888,False,0.8408141962421712,0.0,0.0,0.0,0.1339227211480089,0.7704918032786885,0.21190261496844004,0.1339227211480089,0.7704918032786885,0.21190261496844004,0.30726256983240224,0.5847788258998077,42,0.38754810305595105,0.4251559484659264,0.6383532880575229,0.019581217342628857,0.23726901624833432,0.020357155989019604,0.7110004045049073,0.035567923380248084,-0.034291638455994256,-0.04623541024310329,0.10316721388594946,0.8622950819672132
k-NN,0.13059444046639795,0.41443555064863374,f1.5,0.4294309708177611,0.4879958246346555,0.20454545454545456,0.7672131147540984,0.32298136645962733,0.6500554588841062,0.25912941181884475,701,910,71,234,0.13059444046639795,False,0.8408141962421712,0.0,0.0,0.0,0.13179236891364143,0.7475409836065574,0.20994475138121546,0.13179236891364143,0.7475409836065574,0.20994475138121546,0.4351334574798262,0.6011732861169623,71,0.40628524856318776,0.4268505652030309,0.6642082067510573,0.023434740453414284,0.2713379752253885,0.010549830737611949,0.7781695088458835,0.09333506666494147,-0.037515244280927784,-0.05667592677392108,0.09994360806101593,0.7672131147540984
Naive Bayes,0.036331793006046956,0.41890812250332893,f1.5,0.6567731443188899,0.46555323590814196,0.20700896495517523,0.8327868852459016,0.33159268929503916,0.6756194604715532,0.2629002810089052,638,973,51,254,0.036331793006046956,False,0.7390396659707724,0.2695035460992908,0.3737704918032787,0.3131868131868132,0.27555020080321285,0.49836065573770494,0.2508250825082508,0.036331793006046956,0.8327868852459016,0.20700896495517523,0.3960273122284296,0.6144070987371656,51,0.6541556356369461,0.6747603392663216,0.6679147781953292,0.01929189831800606,0.26642703254497524,0.012871314694148591,0.7228204636903621,0.1046254143800154,-0.03374437509086731,-0.0311119251864741,0.10371447725107641,0.4590163934426229
Perceptron (averaged),0.24023375919790302,0.42725383216419854,f1.5,0.46262762427852544,0.45407098121085593,0.20757695343330704,0.8622950819672132,0.3346055979643766,0.6912741297025572,0.29311285261391967,607,1004,42,263,0.24023375919790302,False,0.8262004175365344,0.37719298245614036,0.14098360655737704,0.2052505966587112,0.2659583243836803,0.8098360655737705,0.22454545454545455,0.2659583243836803,0.8098360655737705,0.22454545454545455,0.37678460583488516,0.6195398439010491,42,0.4655912712974338,0.4626303616935126,0.665328798210244,0.010636854536427199,0.270186706746774,0.00634283452207843,0.7247301526473782,0.043983212375688675,-0.003531803485852858,-0.015457255955470095,0.13392704885609086,0.7213114754098361
Single-Layer Perceptron,0.22065305057254914,0.4339984650805833,f1.5,0.46041794302300343,0.43997912317327764,0.2037037037037037,0.8655737704918033,0.3297938788257339,0.7049668773086668,0.2969651189555471,579,1032,41,264,0.22065305057254914,False,0.8115866388308977,0.3409090909090909,0.19672131147540983,0.2494802494802495,0.3310164045424445,0.5934426229508196,0.28149300155520995,0.2543601897031068,0.8098360655737705,0.22828096118299446,0.35940409683426444,0.6124889336630339,41,0.4628237930249492,0.4575720140727392,0.6773662058438688,0.017681241095804184,0.2834058056660302,0.01275500842587445,0.7221221604819995,0.09231970056551614,0.00032046285577458367,-0.001764508349360483,0.1377793151977183,0.6688524590163935
MLP,0.21427316971322746,0.430505197002659,f1.5,0.46106429073253746,0.37995824634655534,0.1931897150799166,0.9114754098360656,0.31880733944954126,0.7089334595150146,0.29674459358994115,450,1161,27,278,0.21427316971322746,False,0.819937369519833,0.34615384615384615,0.14754098360655737,0.20689655172413793,0.34604510514930553,0.5573770491803278,0.2901023890784983,0.34604510514930553,0.5573770491803278,0.2901023890784983,0.27932960893854747,0.5954025093873065,27,0.4570288331691917,0.4612934943256298,0.6819043708904715,0.019324477146857474,0.28507580236305474,0.013884938310671491,0.7326094824466161,0.09030968875213327,9.99374901686223e-05,0.002202073856987341,0.13755878983211234,0.7639344262295082
EBM (additive),0.22106251846911606,0.4323356357124584,f1.5,0.45917551380483773,0.4373695198329854,0.20337682271680738,0.8688524590163934,0.32960199004975127,0.7052721555698018,0.29554065367789417,573,1038,40,265,0.22106251846911606,False,0.8126304801670147,0.3430232558139535,0.19344262295081968,0.24737945492662475,0.2533524477885625,0.8098360655737705,0.22536496350364962,0.2533524477885625,0.8098360655737705,0.22536496350364962,0.35567970204841715,0.6122660805324053,40,0.4607672542632316,0.4571373299914477,0.6783444207319965,0.017252596996985968,0.28356490414746066,0.013491960109168984,0.7430563539205042,0.11724160915400546,-0.0011040024218783584,-0.0014592300882254605,0.13635484992006536,0.6754098360655737
Stacking (5 bases),0.11479630317341477,0.4328841668826121,f1.5,0.4077916566742317,0.453027139874739,0.20724980299448384,0.8622950819672132,0.3341804320203304,0.7024941233934732,0.29436149890423696,605,1006,42,263,0.11479630317341477,False,0.8402922755741128,0.4444444444444444,0.013114754098360656,0.025477707006369428,0.16223231945318528,0.6065573770491803,0.2744807121661721,0.11596024065168198,0.8622950819672132,0.20972886762360446,0.3755431409062694,0.6189191114367413,42,0.4107041227210306,0.40886731144836247,0.6771095249797692,0.01930518881264968,0.2799886643198385,0.01549333063127847,0.7293138319388559,0.0541019908930237,-0.002283157195535568,-0.00423726226455412,0.13517569514640815,0.8491803278688526
Blend EBM+MLP (better model),0.2072463530142568,0.4328106151990351,f1.5,0.4581958998730191,0.3794363256784969,0.19348127600554785,0.9147540983606557,0.31940469376073266,0.7095379104720619,0.2972632166268492,448,1163,26,279,0.2072463530142568,False,0.8188935281837161,0.3581081081081081,0.1737704918032787,0.23399558498896247,0.3296586345381526,0.6131147540983607,0.28205128205128205,0.2604683890231407,0.8360655737704918,0.22566371681415928,0.2780881440099317,0.5964211211852937,26,0.45546409961202994,0.45803056458080293,0.682194386261552,0.019098158849631324,0.2859975234909965,0.013867390023023451,0.7508569117114816,0.07473728854277073,0.0006185605270766503,0.00280652481403465,0.13807741286902037,0.7409836065573769
