Model,flagged share,applicants flagged,defaulters caught,recall (defaulters caught / all),precision inside the flagged group,lift vs flagging at random
Logistic Regression,0.05,96,38,0.12459016393442623,0.3958333333333333,2.4866120218579235
Logistic Regression,0.1,192,65,0.21311475409836064,0.3385416666666667,2.1267076502732243
Logistic Regression,0.2,383,123,0.40327868852459015,0.32114882506527415,2.017446389590378
Logistic Regression,0.3,575,169,0.5540983606557377,0.29391304347826086,1.8463521026372058
Logistic Regression,0.4,766,208,0.6819672131147541,0.27154046997389036,1.7058083294097506
Logistic Regression,0.5,958,230,0.7540983606557377,0.24008350730688935,1.5081967213114753
Decision Tree,0.05,96,27,0.08852459016393442,0.28125,1.7668032786885246
Decision Tree,0.1,192,59,0.19344262295081968,0.3072916666666667,1.930396174863388
Decision Tree,0.2,383,97,0.3180327868852459,0.25326370757180156,1.5909943072379402
Decision Tree,0.3,575,140,0.45901639344262296,0.24347826086956523,1.5295224518888098
Decision Tree,0.4,766,176,0.5770491803278689,0.2297650130548303,1.4433762787313273
Decision Tree,0.5,958,203,0.6655737704918033,0.21189979123173278,1.3311475409836064
Random Forest,0.05,96,33,0.10819672131147541,0.34375,2.1594262295081967
Random Forest,0.1,192,69,0.2262295081967213,0.359375,2.2575819672131145
Random Forest,0.2,383,112,0.36721311475409835,0.2924281984334204,1.8370243547489622
Random Forest,0.3,575,147,0.4819672131147541,0.25565217391304346,1.60599857448325
Random Forest,0.4,766,194,0.6360655737704918,0.25326370757180156,1.5909943072379402
Random Forest,0.5,958,225,0.7377049180327869,0.2348643006263048,1.4754098360655739
Gradient Boosting,0.05,96,34,0.11147540983606558,0.3541666666666667,2.224863387978142
Gradient Boosting,0.1,192,59,0.19344262295081968,0.3072916666666667,1.930396174863388
Gradient Boosting,0.2,383,116,0.380327868852459,0.3028720626631854,1.902632367418568
Gradient Boosting,0.3,575,156,0.5114754098360655,0.271304347826087,1.7043250178189595
Gradient Boosting,0.4,766,194,0.6360655737704918,0.25326370757180156,1.5909943072379402
Gradient Boosting,0.5,958,226,0.740983606557377,0.2359081419624217,1.481967213114754
XGBoost,0.05,96,31,0.10163934426229508,0.3229166666666667,2.028551912568306
XGBoost,0.1,192,66,0.21639344262295082,0.34375,2.1594262295081967
XGBoost,0.2,383,118,0.38688524590163936,0.30809399477806787,1.9354363737533706
XGBoost,0.3,575,157,0.5147540983606558,0.27304347826086955,1.7152501781895937
XGBoost,0.4,766,186,0.6098360655737705,0.24281984334203655,1.5253862945683345
XGBoost,0.5,958,221,0.7245901639344262,0.23068893528183715,1.4491803278688524
SVC (linear),0.05,96,37,0.12131147540983607,0.3854166666666667,2.421174863387978
SVC (linear),0.1,192,70,0.22950819672131148,0.3645833333333333,2.2903005464480874
SVC (linear),0.2,383,119,0.3901639344262295,0.31070496083550914,1.9518383769207721
SVC (linear),0.3,575,155,0.5081967213114754,0.26956521739130435,1.6933998574483249
SVC (linear),0.4,766,203,0.6655737704918033,0.2650130548302872,1.6648033214912468
SVC (linear),0.5,958,231,0.7573770491803279,0.24112734864300625,1.5147540983606556
SVC (rbf),0.05,96,34,0.11147540983606558,0.3541666666666667,2.224863387978142
SVC (rbf),0.1,192,60,0.19672131147540983,0.3125,1.9631147540983607
SVC (rbf),0.2,383,112,0.36721311475409835,0.2924281984334204,1.8370243547489622
SVC (rbf),0.3,575,153,0.5016393442622951,0.26608695652173914,1.6715495367070563
SVC (rbf),0.4,766,179,0.5868852459016394,0.23368146214099217,1.4679792834824295
SVC (rbf),0.5,958,209,0.6852459016393443,0.21816283924843424,1.3704918032786886
k-NN,0.05,96,33,0.10819672131147541,0.34375,2.1594262295081967
k-NN,0.1,192,64,0.2098360655737705,0.3333333333333333,2.0939890710382514
k-NN,0.2,383,107,0.35081967213114756,0.2793733681462141,1.7550143389119548
k-NN,0.3,575,142,0.46557377049180326,0.24695652173913044,1.5513727726300783
k-NN,0.4,766,170,0.5573770491803278,0.22193211488250653,1.394170269229123
k-NN,0.5,958,204,0.6688524590163935,0.21294363256784968,1.3377049180327867
Naive Bayes,0.05,96,33,0.10819672131147541,0.34375,2.1594262295081967
Naive Bayes,0.1,192,64,0.2098360655737705,0.3333333333333333,2.0939890710382514
Naive Bayes,0.2,383,103,0.3377049180327869,0.2689295039164491,1.689406326242349
Naive Bayes,0.3,575,147,0.4819672131147541,0.25565217391304346,1.60599857448325
Naive Bayes,0.4,766,182,0.5967213114754099,0.23759791122715404,1.4925822882335316
Naive Bayes,0.5,958,216,0.7081967213114754,0.2254697286012526,1.4163934426229507
Perceptron (averaged),0.05,96,38,0.12459016393442623,0.3958333333333333,2.4866120218579235
Perceptron (averaged),0.1,192,63,0.20655737704918034,0.328125,2.0612704918032785
Perceptron (averaged),0.2,383,111,0.3639344262295082,0.2898172323759791,1.8206223515815605
Perceptron (averaged),0.3,575,151,0.49508196721311476,0.26260869565217393,1.6496992159657877
Perceptron (averaged),0.4,766,197,0.6459016393442623,0.25718015665796345,1.6155973119890426
Perceptron (averaged),0.5,958,230,0.7540983606557377,0.24008350730688935,1.5081967213114753
Single-Layer Perceptron,0.05,96,39,0.12786885245901639,0.40625,2.552049180327869
Single-Layer Perceptron,0.1,192,62,0.20327868852459016,0.3229166666666667,2.028551912568306
Single-Layer Perceptron,0.2,383,118,0.38688524590163936,0.30809399477806787,1.9354363737533706
Single-Layer Perceptron,0.3,575,168,0.5508196721311476,0.2921739130434783,1.8354269422665717
Single-Layer Perceptron,0.4,766,206,0.6754098360655738,0.2689295039164491,1.689406326242349
Single-Layer Perceptron,0.5,958,231,0.7573770491803279,0.24112734864300625,1.5147540983606556
MLP,0.05,96,32,0.10491803278688525,0.3333333333333333,2.0939890710382514
MLP,0.1,192,63,0.20655737704918034,0.328125,2.0612704918032785
MLP,0.2,383,126,0.4131147540983607,0.3289817232375979,2.066652399092582
MLP,0.3,575,169,0.5540983606557377,0.29391304347826086,1.8463521026372058
MLP,0.4,766,205,0.6721311475409836,0.26762402088772846,1.6812053246586482
MLP,0.5,958,227,0.7442622950819672,0.23695198329853862,1.4885245901639343
EBM (additive),0.05,96,38,0.12459016393442623,0.3958333333333333,2.4866120218579235
EBM (additive),0.1,192,61,0.2,0.3177083333333333,1.9958333333333331
EBM (additive),0.2,383,120,0.39344262295081966,0.3133159268929504,1.9682403800881736
EBM (additive),0.3,575,162,0.5311475409836065,0.2817391304347826,1.7698759800427655
EBM (additive),0.4,766,208,0.6819672131147541,0.27154046997389036,1.7058083294097506
EBM (additive),0.5,958,232,0.760655737704918,0.24217118997912318,1.521311475409836
Stacking (5 bases),0.05,96,39,0.12786885245901639,0.40625,2.552049180327869
Stacking (5 bases),0.1,192,66,0.21639344262295082,0.34375,2.1594262295081967
Stacking (5 bases),0.2,383,115,0.3770491803278688,0.3002610966057441,1.8862303642511664
Stacking (5 bases),0.3,575,156,0.5114754098360655,0.271304347826087,1.7043250178189595
Stacking (5 bases),0.4,766,206,0.6754098360655738,0.2689295039164491,1.689406326242349
Stacking (5 bases),0.5,958,230,0.7540983606557377,0.24008350730688935,1.5081967213114753
Blend EBM+MLP (better model),0.05,96,33,0.10819672131147541,0.34375,2.1594262295081967
Blend EBM+MLP (better model),0.1,192,66,0.21639344262295082,0.34375,2.1594262295081967
Blend EBM+MLP (better model),0.2,383,123,0.40327868852459015,0.32114882506527415,2.017446389590378
Blend EBM+MLP (better model),0.3,575,165,0.5409836065573771,0.28695652173913044,1.8026514611546687
Blend EBM+MLP (better model),0.4,766,207,0.6786885245901639,0.27023498694516973,1.6976073278260497
Blend EBM+MLP (better model),0.5,958,231,0.7573770491803279,0.24112734864300625,1.5147540983606556
