Model,CV ROC-AUC mean,CV ROC-AUC std,CV PR-AUC mean,CV PR-AUC std,CV recall@f1.5 mean,CV recall@f1.5 std
Logistic Regression,0.6772333851736322,0.016748949096269252,0.2827173063477772,0.013676694383423232,0.7430329352153455,0.11039839581442414
Decision Tree,0.6299808866105568,0.01948969710294984,0.23692522719062778,0.00946949201329263,0.7906410338293841,0.13562141550045836
Random Forest,0.671472617904924,0.020299646637425714,0.27807348530290965,0.009361757706832959,0.728023674181942,0.08331998851705388
Gradient Boosting,0.6691667692450676,0.018790593755647973,0.2762044779473481,0.01731847454374045,0.7155734389304038,0.0733148183486366
XGBoost,0.6717547432404737,0.017877798754324794,0.27935861392993966,0.018661819005258564,0.7541930127099701,0.09158371493028811
SVC (linear),0.6749205832793779,0.019090260151923243,0.2818222327394353,0.01785534088864427,0.7572097677290242,0.10977284504332722
SVC (rbf),0.6383532880575229,0.019581217342628857,0.23726901624833432,0.020357155989019604,0.7110004045049073,0.035567923380248084
k-NN,0.6642082067510573,0.023434740453414284,0.2713379752253885,0.010549830737611949,0.7781695088458835,0.09333506666494147
Naive Bayes,0.6679147781953292,0.01929189831800606,0.26642703254497524,0.012871314694148591,0.7228204636903621,0.1046254143800154
Perceptron (averaged),0.665328798210244,0.010636854536427199,0.270186706746774,0.00634283452207843,0.7247301526473782,0.043983212375688675
Single-Layer Perceptron,0.6773662058438688,0.017681241095804184,0.2834058056660302,0.01275500842587445,0.7221221604819995,0.09231970056551614
MLP,0.6819043708904715,0.019324477146857474,0.28507580236305474,0.013884938310671491,0.7326094824466161,0.09030968875213327
EBM (additive),0.6783444207319965,0.017252596996985968,0.28356490414746066,0.013491960109168984,0.7430563539205042,0.11724160915400546
Stacking (5 bases),0.6771095249797692,0.01930518881264968,0.2799886643198385,0.01549333063127847,0.7293138319388559,0.0541019908930237
Blend EBM+MLP (better model),0.682194386261552,0.019098158849631324,0.2859975234909965,0.013867390023023451,0.7508569117114816,0.07473728854277073
