Model,thr f1.5 (in use),thr F1,thr Youden,recall @f1.5,recall @F1,recall @0.5,precision @f1.5,precision @0.5,applicants flagged,enrichment of the flagged group,defaulters missed
Logistic Regression,0.2207014355199122,0.37838855207733413,0.24103888498634718,0.8622950819672132,0.4491803278688525,0.19672131147540983,0.20579029733959311,0.3468208092485549,0.6670146137787056,1.2927679006644603,42
Decision Tree,0.15731325301204818,0.2575140562248996,0.2575140562248996,0.9081967213114754,0.6229508196721312,0.21639344262295082,0.17410433689503457,0.275,0.8303757828810021,1.0937177360356927,28
Random Forest,0.23488173932793427,0.28129921284114917,0.28129921284114917,0.8360655737704918,0.6622950819672131,0.07540983606557378,0.21285475792988315,0.323943661971831,0.6252609603340292,1.3371466104710037,50
Gradient Boosting,0.26589541367326647,0.2856743809468906,0.2856743809468906,0.8163934426229508,0.7311475409836066,0.1377049180327869,0.22271914132379247,0.33070866141732286,0.5835073068893528,1.3991143435291356,56
XGBoost,0.26169031573003504,0.26169031573003504,0.26169031573003504,0.7442622950819672,0.7442622950819672,0.16065573770491803,0.22233104799216455,0.3602941176470588,0.5328810020876826,1.3966763539442206,78
SVC (linear),0.10045543042005645,0.13964362049214935,0.13253523978666254,0.8885245901639345,0.7377049180327869,0.01639344262295082,0.19482386772106397,0.5555555555555556,0.725991649269311,1.2238771493559297,34
SVC (rbf),0.11813831649348888,0.1339227211480089,0.1339227211480089,0.8622950819672132,0.7704918032786885,0.0,0.19071791153009426,0.0,0.7197286012526096,1.1980836671857724,42
k-NN,0.13059444046639795,0.13179236891364143,0.13179236891364143,0.7672131147540984,0.7475409836065574,0.0,0.20454545454545456,0.0,0.5970772442588727,1.2849478390461997,71
Naive Bayes,0.036331793006046956,0.27555020080321285,0.036331793006046956,0.8327868852459016,0.49836065573770494,0.3737704918032787,0.20700896495517523,0.2695035460992908,0.6403966597077244,1.300423530669232,51
Perceptron (averaged),0.24023375919790302,0.2659583243836803,0.2659583243836803,0.8622950819672132,0.8098360655737705,0.14098360655737704,0.20757695343330704,0.37719298245614036,0.6612734864300627,1.303991615666283,42
Single-Layer Perceptron,0.22065305057254914,0.3310164045424445,0.2543601897031068,0.8655737704918033,0.5934426229508196,0.19672131147540983,0.2037037037037037,0.3409090909090909,0.6764091858037579,1.279659987856709,41
MLP,0.21427316971322746,0.34604510514930553,0.34604510514930553,0.9114754098360656,0.5573770491803278,0.14754098360655737,0.1931897150799166,0.34615384615384615,0.7510438413361169,1.2136114560430171,27
EBM (additive),0.22106251846911606,0.2533524477885625,0.2533524477885625,0.8688524590163934,0.8098360655737705,0.19344262295081968,0.20337682271680738,0.3430232558139535,0.680062630480167,1.2776065322144359,40
Stacking (5 bases),0.11479630317341477,0.16223231945318528,0.11596024065168198,0.8622950819672132,0.6065573770491803,0.013114754098360656,0.20724980299448384,0.4444444444444444,0.6623173277661796,1.3019364673358393,42
Blend EBM+MLP (better model),0.2072463530142568,0.3296586345381526,0.2604683890231407,0.9147540983606557,0.6131147540983607,0.1737704918032787,0.19348127600554785,0.3581081081081081,0.7526096033402923,1.215443032218458,26
